weekend_date,mon_date,symbol,tau,lower,upper,point,half_width_bps,regime_code,forecaster_code,profile_code,artefact_sha256,provenance,computed_ts
2026-07-24,2026-07-27,AAPL,0.68,333.742115,338.2925807,336.0173479,68.32121024,normal,3,1,7b86d17a76912aa0b9a35c1dda953786f0be5d045f4f2ba91edebeaa4605f9fe,retro_frozen,2026-07-28T13:30:09Z
2026-07-24,2026-07-27,AAPL,0.85,332.445123,339.5895728,336.0173479,107.2675819,normal,3,1,7b86d17a76912aa0b9a35c1dda953786f0be5d045f4f2ba91edebeaa4605f9fe,retro_frozen,2026-07-28T13:30:09Z
2026-07-24,2026-07-27,AAPL,0.95,329.7966464,342.2380493,336.0173479,186.7966388,normal,3,1,7b86d17a76912aa0b9a35c1dda953786f0be5d045f4f2ba91edebeaa4605f9fe,retro_frozen,2026-07-28T13:30:09Z
2026-07-24,2026-07-27,AAPL,0.99,326.2396547,345.7950411,336.0173479,293.6067958,normal,3,1,7b86d17a76912aa0b9a35c1dda953786f0be5d045f4f2ba91edebeaa4605f9fe,retro_frozen,2026-07-28T13:30:09Z
2026-07-24,2026-07-27,GLD,0.68,372.6693511,378.7415792,375.7054651,81.63791534,normal,3,1,7b86d17a76912aa0b9a35c1dda953786f0be5d045f4f2ba91edebeaa4605f9fe,retro_frozen,2026-07-28T13:30:09Z
2026-07-24,2026-07-27,GLD,0.85,370.9386203,380.47231,375.7054651,128.1754486,normal,3,1,7b86d17a76912aa0b9a35c1dda953786f0be5d045f4f2ba91edebeaa4605f9fe,retro_frozen,2026-07-28T13:30:09Z
2026-07-24,2026-07-27,GLD,0.95,367.4044428,384.0064875,375.7054651,223.2057678,normal,3,1,7b86d17a76912aa0b9a35c1dda953786f0be5d045f4f2ba91edebeaa4605f9fe,retro_frozen,2026-07-28T13:30:09Z
2026-07-24,2026-07-27,GLD,0.99,362.6579253,388.7530049,375.7054651,350.8346332,normal,3,1,7b86d17a76912aa0b9a35c1dda953786f0be5d045f4f2ba91edebeaa4605f9fe,retro_frozen,2026-07-28T13:30:09Z
2026-07-24,2026-07-27,GOOGL,0.68,319.8619133,325.3737306,322.617822,86.19217951,normal,3,1,7b86d17a76912aa0b9a35c1dda953786f0be5d045f4f2ba91edebeaa4605f9fe,retro_frozen,2026-07-28T13:30:09Z
2026-07-24,2026-07-27,GOOGL,0.85,318.290913,326.9447309,322.617822,135.3258622,normal,3,1,7b86d17a76912aa0b9a35c1dda953786f0be5d045f4f2ba91edebeaa4605f9fe,retro_frozen,2026-07-28T13:30:09Z
2026-07-24,2026-07-27,GOOGL,0.95,315.0829075,330.1527364,322.617822,235.657556,normal,3,1,7b86d17a76912aa0b9a35c1dda953786f0be5d045f4f2ba91edebeaa4605f9fe,retro_frozen,2026-07-28T13:30:09Z
2026-07-24,2026-07-27,GOOGL,0.99,310.7744499,334.461194,322.617822,370.4063432,normal,3,1,7b86d17a76912aa0b9a35c1dda953786f0be5d045f4f2ba91edebeaa4605f9fe,retro_frozen,2026-07-28T13:30:09Z
2026-07-24,2026-07-27,HOOD,0.68,94.12004098,97.40844841,95.76424469,173.2381893,normal,3,1,7b86d17a76912aa0b9a35c1dda953786f0be5d045f4f2ba91edebeaa4605f9fe,retro_frozen,2026-07-28T13:30:09Z
2026-07-24,2026-07-27,HOOD,0.85,93.18276588,98.34572351,95.76424469,271.9922788,normal,3,1,7b86d17a76912aa0b9a35c1dda953786f0be5d045f4f2ba91edebeaa4605f9fe,retro_frozen,2026-07-28T13:30:09Z
2026-07-24,2026-07-27,HOOD,0.95,91.2688365,100.2596529,95.76424469,473.6495645,normal,3,1,7b86d17a76912aa0b9a35c1dda953786f0be5d045f4f2ba91edebeaa4605f9fe,retro_frozen,2026-07-28T13:30:09Z
2026-07-24,2026-07-27,HOOD,0.99,88.69836598,102.8301234,95.76424469,744.4819767,normal,3,1,7b86d17a76912aa0b9a35c1dda953786f0be5d045f4f2ba91edebeaa4605f9fe,retro_frozen,2026-07-28T13:30:09Z
2026-07-24,2026-07-27,MSTR,0.68,90.75630605,96.1844387,93.47037237,296.0692025,normal,3,1,7b86d17a76912aa0b9a35c1dda953786f0be5d045f4f2ba91edebeaa4605f9fe,retro_frozen,2026-07-28T13:30:09Z
2026-07-24,2026-07-27,MSTR,0.85,89.20915787,97.73158688,93.47037237,464.8428699,normal,3,1,7b86d17a76912aa0b9a35c1dda953786f0be5d045f4f2ba91edebeaa4605f9fe,retro_frozen,2026-07-28T13:30:09Z
2026-07-24,2026-07-27,MSTR,0.95,86.04985881,100.8908859,93.47037237,809.4811509,normal,3,1,7b86d17a76912aa0b9a35c1dda953786f0be5d045f4f2ba91edebeaa4605f9fe,retro_frozen,2026-07-28T13:30:09Z
2026-07-24,2026-07-27,MSTR,0.99,81.80681556,105.1339292,93.47037237,1272.341775,normal,3,1,7b86d17a76912aa0b9a35c1dda953786f0be5d045f4f2ba91edebeaa4605f9fe,retro_frozen,2026-07-28T13:30:09Z
2026-07-24,2026-07-27,NVDA,0.68,206.6520074,210.7513275,208.7016674,99.09398835,normal,3,1,7b86d17a76912aa0b9a35c1dda953786f0be5d045f4f2ba91edebeaa4605f9fe,retro_frozen,2026-07-28T13:30:09Z
2026-07-24,2026-07-27,NVDA,0.85,205.4836028,211.9197321,208.7016674,155.5823218,normal,3,1,7b86d17a76912aa0b9a35c1dda953786f0be5d045f4f2ba91edebeaa4605f9fe,retro_frozen,2026-07-28T13:30:09Z
2026-07-24,2026-07-27,NVDA,0.95,203.0977035,214.3056314,208.7016674,270.9323194,normal,3,1,7b86d17a76912aa0b9a35c1dda953786f0be5d045f4f2ba91edebeaa4605f9fe,retro_frozen,2026-07-28T13:30:09Z
2026-07-24,2026-07-27,NVDA,0.99,199.8933617,217.5099732,208.7016674,425.8511859,normal,3,1,7b86d17a76912aa0b9a35c1dda953786f0be5d045f4f2ba91edebeaa4605f9fe,retro_frozen,2026-07-28T13:30:09Z
2026-07-24,2026-07-27,QQQ,0.68,685.8104847,694.9663512,690.388418,66.9063524,normal,3,1,7b86d17a76912aa0b9a35c1dda953786f0be5d045f4f2ba91edebeaa4605f9fe,retro_frozen,2026-07-28T13:30:09Z
2026-07-24,2026-07-27,QQQ,0.85,683.2008429,697.575993,690.388418,105.0461872,normal,3,1,7b86d17a76912aa0b9a35c1dda953786f0be5d045f4f2ba91edebeaa4605f9fe,retro_frozen,2026-07-28T13:30:09Z
2026-07-24,2026-07-27,QQQ,0.95,677.8719163,702.9049196,690.388418,182.9282839,normal,3,1,7b86d17a76912aa0b9a35c1dda953786f0be5d045f4f2ba91edebeaa4605f9fe,retro_frozen,2026-07-28T13:30:09Z
2026-07-24,2026-07-27,QQQ,0.99,670.7149915,710.0618444,690.388418,287.5265189,normal,3,1,7b86d17a76912aa0b9a35c1dda953786f0be5d045f4f2ba91edebeaa4605f9fe,retro_frozen,2026-07-28T13:30:09Z
2026-07-24,2026-07-27,SPY,0.68,742.0221678,749.1393515,745.5807597,48.15871439,normal,3,1,7b86d17a76912aa0b9a35c1dda953786f0be5d045f4f2ba91edebeaa4605f9fe,retro_frozen,2026-07-28T13:30:09Z
2026-07-24,2026-07-27,SPY,0.85,739.9935995,751.1679198,745.5807597,75.61149495,normal,3,1,7b86d17a76912aa0b9a35c1dda953786f0be5d045f4f2ba91edebeaa4605f9fe,retro_frozen,2026-07-28T13:30:09Z
2026-07-24,2026-07-27,SPY,0.95,735.8512336,755.3102857,745.5807597,131.6704717,normal,3,1,7b86d17a76912aa0b9a35c1dda953786f0be5d045f4f2ba91edebeaa4605f9fe,retro_frozen,2026-07-28T13:30:09Z
2026-07-24,2026-07-27,SPY,0.99,730.287899,760.8736204,745.5807597,206.9595338,normal,3,1,7b86d17a76912aa0b9a35c1dda953786f0be5d045f4f2ba91edebeaa4605f9fe,retro_frozen,2026-07-28T13:30:09Z
2026-07-24,2026-07-27,TLT,0.68,83.20354765,83.75274833,83.47814799,32.98502554,normal,3,1,7b86d17a76912aa0b9a35c1dda953786f0be5d045f4f2ba91edebeaa4605f9fe,retro_frozen,2026-07-28T13:30:09Z
2026-07-24,2026-07-27,TLT,0.85,83.04701227,83.90928371,83.47814799,51.78807457,normal,3,1,7b86d17a76912aa0b9a35c1dda953786f0be5d045f4f2ba91edebeaa4605f9fe,retro_frozen,2026-07-28T13:30:09Z
2026-07-24,2026-07-27,TLT,0.95,82.72736474,84.22893124,83.47814799,90.18417387,normal,3,1,7b86d17a76912aa0b9a35c1dda953786f0be5d045f4f2ba91edebeaa4605f9fe,retro_frozen,2026-07-28T13:30:09Z
2026-07-24,2026-07-27,TLT,0.99,82.29806753,84.65822845,83.47814799,141.7514067,normal,3,1,7b86d17a76912aa0b9a35c1dda953786f0be5d045f4f2ba91edebeaa4605f9fe,retro_frozen,2026-07-28T13:30:09Z
2026-07-24,2026-07-27,TSLA,0.68,312.9392813,318.7555926,315.847437,92.90341712,normal,3,1,7b86d17a76912aa0b9a35c1dda953786f0be5d045f4f2ba91edebeaa4605f9fe,retro_frozen,2026-07-28T13:30:09Z
2026-07-24,2026-07-27,TSLA,0.85,311.2814929,320.413381,315.847437,145.8628276,normal,3,1,7b86d17a76912aa0b9a35c1dda953786f0be5d045f4f2ba91edebeaa4605f9fe,retro_frozen,2026-07-28T13:30:09Z
2026-07-24,2026-07-27,TSLA,0.95,307.8962649,323.7986091,315.847437,254.0067132,normal,3,1,7b86d17a76912aa0b9a35c1dda953786f0be5d045f4f2ba91edebeaa4605f9fe,retro_frozen,2026-07-28T13:30:09Z
2026-07-24,2026-07-27,TSLA,0.99,303.3497915,328.3450824,315.847437,399.2475327,normal,3,1,7b86d17a76912aa0b9a35c1dda953786f0be5d045f4f2ba91edebeaa4605f9fe,retro_frozen,2026-07-28T13:30:09Z
2026-05-01,2026-05-04,AAPL,0.68,277.8987667,283.4634892,280.6811279,99.32038455,normal,3,1,7b86d17a76912aa0b9a35c1dda953786f0be5d045f4f2ba91edebeaa4605f9fe,retro_frozen,2026-07-22T02:57:27Z
2026-05-01,2026-05-04,AAPL,0.85,276.3126871,285.0495688,280.6811279,155.9377747,normal,3,1,7b86d17a76912aa0b9a35c1dda953786f0be5d045f4f2ba91edebeaa4605f9fe,retro_frozen,2026-07-22T02:57:27Z
2026-05-01,2026-05-04,AAPL,0.95,273.0738896,288.2883663,280.6811279,271.551308,normal,3,1,7b86d17a76912aa0b9a35c1dda953786f0be5d045f4f2ba91edebeaa4605f9fe,retro_frozen,2026-07-22T02:57:27Z
2026-05-01,2026-05-04,AAPL,0.99,268.7240773,292.6381786,280.6811279,426.8241116,normal,3,1,7b86d17a76912aa0b9a35c1dda953786f0be5d045f4f2ba91edebeaa4605f9fe,retro_frozen,2026-07-22T02:57:27Z
2026-05-01,2026-05-04,GLD,0.68,418.6200944,427.5935272,423.1068108,106.0238291,normal,3,1,7b86d17a76912aa0b9a35c1dda953786f0be5d045f4f2ba91edebeaa4605f9fe,retro_frozen,2026-07-22T02:57:27Z
2026-05-01,2026-05-04,GLD,0.85,416.0624505,430.1511711,423.1068108,166.4625046,normal,3,1,7b86d17a76912aa0b9a35c1dda953786f0be5d045f4f2ba91edebeaa4605f9fe,retro_frozen,2026-07-22T02:57:27Z
2026-05-01,2026-05-04,GLD,0.95,410.8397046,435.373917,423.1068108,289.8791582,normal,3,1,7b86d17a76912aa0b9a35c1dda953786f0be5d045f4f2ba91edebeaa4605f9fe,retro_frozen,2026-07-22T02:57:27Z
2026-05-01,2026-05-04,GLD,0.99,403.8253838,442.3882378,423.1068108,455.6318108,normal,3,1,7b86d17a76912aa0b9a35c1dda953786f0be5d045f4f2ba91edebeaa4605f9fe,retro_frozen,2026-07-22T02:57:27Z
2026-05-01,2026-05-04,GOOGL,0.68,382.9876624,389.8823614,386.4350119,89.38135442,normal,3,1,7b86d17a76912aa0b9a35c1dda953786f0be5d045f4f2ba91edebeaa4605f9fe,retro_frozen,2026-07-22T02:57:27Z
2026-05-01,2026-05-04,GOOGL,0.85,381.0225077,391.8475161,386.4350119,140.33302,normal,3,1,7b86d17a76912aa0b9a35c1dda953786f0be5d045f4f2ba91edebeaa4605f9fe,retro_frozen,2026-07-22T02:57:27Z
2026-05-01,2026-05-04,GOOGL,0.95,377.009633,395.8603908,386.4350119,244.3770613,normal,3,1,7b86d17a76912aa0b9a35c1dda953786f0be5d045f4f2ba91edebeaa4605f9fe,retro_frozen,2026-07-22T02:57:27Z
2026-05-01,2026-05-04,GOOGL,0.99,371.6202095,401.2498143,386.4350119,384.111654,normal,3,1,7b86d17a76912aa0b9a35c1dda953786f0be5d045f4f2ba91edebeaa4605f9fe,retro_frozen,2026-07-22T02:57:27Z
2026-05-01,2026-05-04,HOOD,0.68,72.68227106,74.92229726,73.80228416,152.0517379,normal,3,1,7b86d17a76912aa0b9a35c1dda953786f0be5d045f4f2ba91edebeaa4605f9fe,retro_frozen,2026-07-22T02:57:27Z
2026-05-01,2026-05-04,HOOD,0.85,72.04380979,75.56075853,73.80228416,238.7285325,normal,3,1,7b86d17a76912aa0b9a35c1dda953786f0be5d045f4f2ba91edebeaa4605f9fe,retro_frozen,2026-07-22T02:57:27Z
2026-05-01,2026-05-04,HOOD,0.95,70.7400626,76.86450571,73.80228416,415.7238063,normal,3,1,7b86d17a76912aa0b9a35c1dda953786f0be5d045f4f2ba91edebeaa4605f9fe,retro_frozen,2026-07-22T02:57:27Z
2026-05-01,2026-05-04,HOOD,0.99,68.98908696,78.61548136,73.80228416,653.4343201,normal,3,1,7b86d17a76912aa0b9a35c1dda953786f0be5d045f4f2ba91edebeaa4605f9fe,retro_frozen,2026-07-22T02:57:27Z
2026-05-01,2026-05-04,MSTR,0.68,174.6280478,181.9773774,178.3027126,207.4089762,normal,3,1,7b86d17a76912aa0b9a35c1dda953786f0be5d045f4f2ba91edebeaa4605f9fe,retro_frozen,2026-07-22T02:57:27Z
2026-05-01,2026-05-04,MSTR,0.85,172.5333123,184.0721129,178.3027126,325.6420557,normal,3,1,7b86d17a76912aa0b9a35c1dda953786f0be5d045f4f2ba91edebeaa4605f9fe,retro_frozen,2026-07-22T02:57:27Z
2026-05-01,2026-05-04,MSTR,0.95,168.255832,188.3495931,178.3027126,567.0757218,normal,3,1,7b86d17a76912aa0b9a35c1dda953786f0be5d045f4f2ba91edebeaa4605f9fe,retro_frozen,2026-07-22T02:57:27Z
2026-05-01,2026-05-04,MSTR,0.99,162.5110344,194.0943908,178.3027126,891.3291303,normal,3,1,7b86d17a76912aa0b9a35c1dda953786f0be5d045f4f2ba91edebeaa4605f9fe,retro_frozen,2026-07-22T02:57:27Z
2026-05-01,2026-05-04,NVDA,0.68,196.6708851,200.9957804,198.8333328,108.9668737,normal,3,1,7b86d17a76912aa0b9a35c1dda953786f0be5d045f4f2ba91edebeaa4605f9fe,retro_frozen,2026-07-22T02:57:27Z
2026-05-01,2026-05-04,NVDA,0.85,195.4381861,202.2284794,198.8333328,171.0832261,normal,3,1,7b86d17a76912aa0b9a35c1dda953786f0be5d045f4f2ba91edebeaa4605f9fe,retro_frozen,2026-07-22T02:57:27Z
2026-05-01,2026-05-04,NVDA,0.95,192.9209968,204.7456687,198.8333328,297.9257201,normal,3,1,7b86d17a76912aa0b9a35c1dda953786f0be5d045f4f2ba91edebeaa4605f9fe,retro_frozen,2026-07-22T02:57:27Z
2026-05-01,2026-05-04,NVDA,0.99,189.5403283,208.1263372,198.8333328,468.2793898,normal,3,1,7b86d17a76912aa0b9a35c1dda953786f0be5d045f4f2ba91edebeaa4605f9fe,retro_frozen,2026-07-22T02:57:27Z
2026-05-01,2026-05-04,QQQ,0.68,670.325833,680.578589,675.452211,76.04209753,normal,3,1,7b86d17a76912aa0b9a35c1dda953786f0be5d045f4f2ba91edebeaa4605f9fe,retro_frozen,2026-07-22T02:57:27Z
2026-05-01,2026-05-04,QQQ,0.85,667.4035513,683.5008707,675.452211,119.3897459,normal,3,1,7b86d17a76912aa0b9a35c1dda953786f0be5d045f4f2ba91edebeaa4605f9fe,retro_frozen,2026-07-22T02:57:27Z
2026-05-01,2026-05-04,QQQ,0.95,661.4362096,689.4682125,675.452211,207.9062736,normal,3,1,7b86d17a76912aa0b9a35c1dda953786f0be5d045f4f2ba91edebeaa4605f9fe,retro_frozen,2026-07-22T02:57:27Z
2026-05-01,2026-05-04,QQQ,0.99,653.4218721,697.48255,675.452211,326.7869015,normal,3,1,7b86d17a76912aa0b9a35c1dda953786f0be5d045f4f2ba91edebeaa4605f9fe,retro_frozen,2026-07-22T02:57:27Z
2026-05-01,2026-05-04,SPY,0.68,716.9420541,727.1420099,722.042032,70.76913762,normal,3,1,7b86d17a76912aa0b9a35c1dda953786f0be5d045f4f2ba91edebeaa4605f9fe,retro_frozen,2026-07-22T02:57:27Z
2026-05-01,2026-05-04,SPY,0.85,714.0348217,730.0492423,722.042032,111.1109455,normal,3,1,7b86d17a76912aa0b9a35c1dda953786f0be5d045f4f2ba91edebeaa4605f9fe,retro_frozen,2026-07-22T02:57:27Z
2026-05-01,2026-05-04,SPY,0.95,708.0982109,735.9858531,722.042032,193.4895034,normal,3,1,7b86d17a76912aa0b9a35c1dda953786f0be5d045f4f2ba91edebeaa4605f9fe,retro_frozen,2026-07-22T02:57:27Z
2026-05-01,2026-05-04,SPY,0.99,700.1251461,743.9589179,722.042032,304.1266345,normal,3,1,7b86d17a76912aa0b9a35c1dda953786f0be5d045f4f2ba91edebeaa4605f9fe,retro_frozen,2026-07-22T02:57:27Z
2026-05-01,2026-05-04,TLT,0.68,85.24554198,86.04697814,85.64626006,46.80739156,normal,3,1,7b86d17a76912aa0b9a35c1dda953786f0be5d045f4f2ba91edebeaa4605f9fe,retro_frozen,2026-07-22T02:57:27Z
2026-05-01,2026-05-04,TLT,0.85,85.01711343,86.27540669,85.64626006,73.48985319,normal,3,1,7b86d17a76912aa0b9a35c1dda953786f0be5d045f4f2ba91edebeaa4605f9fe,retro_frozen,2026-07-22T02:57:27Z
2026-05-01,2026-05-04,TLT,0.95,84.550659,86.74186112,85.64626006,127.9758275,normal,3,1,7b86d17a76912aa0b9a35c1dda953786f0be5d045f4f2ba91edebeaa4605f9fe,retro_frozen,2026-07-22T02:57:27Z
2026-05-01,2026-05-04,TLT,0.99,83.92419526,87.36832486,85.64626006,201.1522953,normal,3,1,7b86d17a76912aa0b9a35c1dda953786f0be5d045f4f2ba91edebeaa4605f9fe,retro_frozen,2026-07-22T02:57:27Z
2026-05-01,2026-05-04,TSLA,0.68,386.7053299,396.4445125,391.5749212,124.5993371,normal,3,1,7b86d17a76912aa0b9a35c1dda953786f0be5d045f4f2ba91edebeaa4605f9fe,retro_frozen,2026-07-22T02:57:27Z
2026-05-01,2026-05-04,TSLA,0.85,383.9294289,399.2204134,391.5749212,195.6269445,normal,3,1,7b86d17a76912aa0b9a35c1dda953786f0be5d045f4f2ba91edebeaa4605f9fe,retro_frozen,2026-07-22T02:57:27Z
2026-05-01,2026-05-04,TSLA,0.95,378.2609989,404.8888435,391.5749212,340.6663508,normal,3,1,7b86d17a76912aa0b9a35c1dda953786f0be5d045f4f2ba91edebeaa4605f9fe,retro_frozen,2026-07-22T02:57:27Z
2026-05-01,2026-05-04,TSLA,0.99,370.6481096,412.5017328,391.5749212,535.4590763,normal,3,1,7b86d17a76912aa0b9a35c1dda953786f0be5d045f4f2ba91edebeaa4605f9fe,retro_frozen,2026-07-22T02:57:27Z
2026-05-08,2026-05-11,AAPL,0.68,289.8191125,295.4176317,292.6183721,95.43364227,normal,3,1,7b86d17a76912aa0b9a35c1dda953786f0be5d045f4f2ba91edebeaa4605f9fe,retro_frozen,2026-07-22T02:57:27Z
2026-05-08,2026-05-11,AAPL,0.85,288.2234,297.0133441,292.6183721,149.8354026,normal,3,1,7b86d17a76912aa0b9a35c1dda953786f0be5d045f4f2ba91edebeaa4605f9fe,retro_frozen,2026-07-22T02:57:27Z
2026-05-08,2026-05-11,AAPL,0.95,284.9649321,300.2718121,292.6183721,260.9245876,normal,3,1,7b86d17a76912aa0b9a35c1dda953786f0be5d045f4f2ba91edebeaa4605f9fe,retro_frozen,2026-07-22T02:57:27Z
2026-05-08,2026-05-11,AAPL,0.99,280.5887017,304.6480425,292.6183721,410.1210417,normal,3,1,7b86d17a76912aa0b9a35c1dda953786f0be5d045f4f2ba91edebeaa4605f9fe,retro_frozen,2026-07-22T02:57:27Z
2026-05-08,2026-05-11,GLD,0.68,427.0716638,436.0973025,431.5844831,104.0371468,normal,3,1,7b86d17a76912aa0b9a35c1dda953786f0be5d045f4f2ba91edebeaa4605f9fe,retro_frozen,2026-07-22T02:57:27Z
2026-05-08,2026-05-11,GLD,0.85,424.49914,438.6698262,431.5844831,163.3433181,normal,3,1,7b86d17a76912aa0b9a35c1dda953786f0be5d045f4f2ba91edebeaa4605f9fe,retro_frozen,2026-07-22T02:57:27Z
2026-05-08,2026-05-11,GLD,0.95,419.2460091,443.9229572,431.5844831,284.4473814,normal,3,1,7b86d17a76912aa0b9a35c1dda953786f0be5d045f4f2ba91edebeaa4605f9fe,retro_frozen,2026-07-22T02:57:27Z
2026-05-08,2026-05-11,GLD,0.99,412.1908803,450.978086,431.5844831,447.0941486,normal,3,1,7b86d17a76912aa0b9a35c1dda953786f0be5d045f4f2ba91edebeaa4605f9fe,retro_frozen,2026-07-22T02:57:27Z
2026-05-08,2026-05-11,GOOGL,0.68,396.4067335,403.2758216,399.8412775,85.69221588,normal,3,1,7b86d17a76912aa0b9a35c1dda953786f0be5d045f4f2ba91edebeaa4605f9fe,retro_frozen,2026-07-22T02:57:27Z
2026-05-08,2026-05-11,GOOGL,0.85,394.4488785,405.2336766,399.8412775,134.5408952,normal,3,1,7b86d17a76912aa0b9a35c1dda953786f0be5d045f4f2ba91edebeaa4605f9fe,retro_frozen,2026-07-22T02:57:27Z
2026-05-08,2026-05-11,GOOGL,0.95,390.45091,409.2316451,399.8412775,234.2906082,normal,3,1,7b86d17a76912aa0b9a35c1dda953786f0be5d045f4f2ba91edebeaa4605f9fe,retro_frozen,2026-07-22T02:57:27Z
2026-05-08,2026-05-11,GOOGL,0.99,385.0815059,414.6010492,399.8412775,368.2577759,normal,3,1,7b86d17a76912aa0b9a35c1dda953786f0be5d045f4f2ba91edebeaa4605f9fe,retro_frozen,2026-07-22T02:57:27Z
2026-05-08,2026-05-11,HOOD,0.68,75.70486282,77.98662225,76.84574254,148.1084921,normal,3,1,7b86d17a76912aa0b9a35c1dda953786f0be5d045f4f2ba91edebeaa4605f9fe,retro_frozen,2026-07-22T02:57:27Z
2026-05-08,2026-05-11,HOOD,0.85,75.05450658,78.63697849,76.84574254,232.5374472,normal,3,1,7b86d17a76912aa0b9a35c1dda953786f0be5d045f4f2ba91edebeaa4605f9fe,retro_frozen,2026-07-22T02:57:27Z
2026-05-08,2026-05-11,HOOD,0.95,73.72646969,79.96501539,76.84574254,404.9426001,normal,3,1,7b86d17a76912aa0b9a35c1dda953786f0be5d045f4f2ba91edebeaa4605f9fe,retro_frozen,2026-07-22T02:57:27Z
2026-05-08,2026-05-11,HOOD,0.99,71.94287217,81.74861291,76.84574254,636.4884294,normal,3,1,7b86d17a76912aa0b9a35c1dda953786f0be5d045f4f2ba91edebeaa4605f9fe,retro_frozen,2026-07-22T02:57:27Z
2026-05-08,2026-05-11,MSTR,0.68,185.1850204,192.7359527,188.9604866,201.2615902,normal,3,1,7b86d17a76912aa0b9a35c1dda953786f0be5d045f4f2ba91edebeaa4605f9fe,retro_frozen,2026-07-22T02:57:27Z
2026-05-08,2026-05-11,MSTR,0.85,183.0328233,194.8881498,188.9604866,315.9903644,normal,3,1,7b86d17a76912aa0b9a35c1dda953786f0be5d045f4f2ba91edebeaa4605f9fe,retro_frozen,2026-07-22T02:57:27Z
2026-05-08,2026-05-11,MSTR,0.95,178.6380056,199.2829675,188.9604866,550.2681883,normal,3,1,7b86d17a76912aa0b9a35c1dda953786f0be5d045f4f2ba91edebeaa4605f9fe,retro_frozen,2026-07-22T02:57:27Z
2026-05-08,2026-05-11,MSTR,0.99,172.7356199,205.1853532,188.9604866,864.9110635,normal,3,1,7b86d17a76912aa0b9a35c1dda953786f0be5d045f4f2ba91edebeaa4605f9fe,retro_frozen,2026-07-22T02:57:27Z
2026-05-08,2026-05-11,NVDA,0.68,212.4345588,216.9359149,214.6852368,104.5854132,normal,3,1,7b86d17a76912aa0b9a35c1dda953786f0be5d045f4f2ba91edebeaa4605f9fe,retro_frozen,2026-07-22T02:57:27Z
2026-05-08,2026-05-11,NVDA,0.85,211.1515641,218.2189096,214.6852368,164.2041226,normal,3,1,7b86d17a76912aa0b9a35c1dda953786f0be5d045f4f2ba91edebeaa4605f9fe,retro_frozen,2026-07-22T02:57:27Z
2026-05-08,2026-05-11,NVDA,0.95,208.5316705,220.8388032,214.6852368,285.9463933,normal,3,1,7b86d17a76912aa0b9a35c1dda953786f0be5d045f4f2ba91edebeaa4605f9fe,retro_frozen,2026-07-22T02:57:27Z
2026-05-08,2026-05-11,NVDA,0.99,205.0130665,224.3574072,214.6852368,449.4502943,normal,3,1,7b86d17a76912aa0b9a35c1dda953786f0be5d045f4f2ba91edebeaa4605f9fe,retro_frozen,2026-07-22T02:57:27Z
2026-05-08,2026-05-11,QQQ,0.68,704.3479663,714.709478,709.5287221,72.84220054,normal,3,1,7b86d17a76912aa0b9a35c1dda953786f0be5d045f4f2ba91edebeaa4605f9fe,retro_frozen,2026-07-22T02:57:27Z
2026-05-08,2026-05-11,QQQ,0.85,701.3946866,717.6627576,709.5287221,114.3657539,normal,3,1,7b86d17a76912aa0b9a35c1dda953786f0be5d045f4f2ba91edebeaa4605f9fe,retro_frozen,2026-07-22T02:57:27Z
2026-05-08,2026-05-11,QQQ,0.95,695.3640466,723.6933977,709.5287221,199.1574532,normal,3,1,7b86d17a76912aa0b9a35c1dda953786f0be5d045f4f2ba91edebeaa4605f9fe,retro_frozen,2026-07-22T02:57:27Z
2026-05-08,2026-05-11,QQQ,0.99,687.2646973,731.7927469,709.5287221,313.035513,normal,3,1,7b86d17a76912aa0b9a35c1dda953786f0be5d045f4f2ba91edebeaa4605f9fe,retro_frozen,2026-07-22T02:57:27Z
2026-05-08,2026-05-11,SPY,0.68,730.8379528,740.8732405,735.8555967,68.02478068,normal,3,1,7b86d17a76912aa0b9a35c1dda953786f0be5d045f4f2ba91edebeaa4605f9fe,retro_frozen,2026-07-22T02:57:27Z
2026-05-08,2026-05-11,SPY,0.85,727.9776548,743.7335386,735.8555967,106.8021733,normal,3,1,7b86d17a76912aa0b9a35c1dda953786f0be5d045f4f2ba91edebeaa4605f9fe,retro_frozen,2026-07-22T02:57:27Z
2026-05-08,2026-05-11,SPY,0.95,722.1368846,749.5743087,735.8555967,185.9861725,normal,3,1,7b86d17a76912aa0b9a35c1dda953786f0be5d045f4f2ba91edebeaa4605f9fe,retro_frozen,2026-07-22T02:57:27Z
2026-05-08,2026-05-11,SPY,0.99,714.2925369,757.4186564,735.8555967,292.3329054,normal,3,1,7b86d17a76912aa0b9a35c1dda953786f0be5d045f4f2ba91edebeaa4605f9fe,retro_frozen,2026-07-22T02:57:27Z
2026-05-08,2026-05-11,TLT,0.68,85.51302672,86.29568978,85.90435825,45.47722596,normal,3,1,7b86d17a76912aa0b9a35c1dda953786f0be5d045f4f2ba91edebeaa4605f9fe,retro_frozen,2026-07-22T02:57:27Z
2026-05-08,2026-05-11,TLT,0.85,85.28994895,86.51876755,85.90435825,71.4014293,normal,3,1,7b86d17a76912aa0b9a35c1dda953786f0be5d045f4f2ba91edebeaa4605f9fe,retro_frozen,2026-07-22T02:57:27Z
2026-05-08,2026-05-11,TLT,0.95,84.8344209,86.9742956,85.90435825,124.3390292,normal,3,1,7b86d17a76912aa0b9a35c1dda953786f0be5d045f4f2ba91edebeaa4605f9fe,retro_frozen,2026-07-22T02:57:27Z
2026-05-08,2026-05-11,TLT,0.99,84.22263165,87.58608485,85.90435825,195.4359788,normal,3,1,7b86d17a76912aa0b9a35c1dda953786f0be5d045f4f2ba91edebeaa4605f9fe,retro_frozen,2026-07-22T02:57:27Z
2026-05-08,2026-05-11,TSLA,0.68,422.2054012,432.4453534,427.3253773,119.5278647,normal,3,1,7b86d17a76912aa0b9a35c1dda953786f0be5d045f4f2ba91edebeaa4605f9fe,retro_frozen,2026-07-22T02:57:27Z
2026-05-08,2026-05-11,TSLA,0.85,419.2867689,435.3639857,427.3253773,187.6644893,normal,3,1,7b86d17a76912aa0b9a35c1dda953786f0be5d045f4f2ba91edebeaa4605f9fe,retro_frozen,2026-07-22T02:57:27Z
2026-05-08,2026-05-11,TSLA,0.95,413.3268793,441.3238753,427.3253773,326.8004666,normal,3,1,7b86d17a76912aa0b9a35c1dda953786f0be5d045f4f2ba91edebeaa4605f9fe,retro_frozen,2026-07-22T02:57:27Z
2026-05-08,2026-05-11,TSLA,0.99,405.3225503,449.3282044,427.3253773,513.6646913,normal,3,1,7b86d17a76912aa0b9a35c1dda953786f0be5d045f4f2ba91edebeaa4605f9fe,retro_frozen,2026-07-22T02:57:27Z
2026-05-15,2026-05-18,AAPL,0.68,297.1998478,302.6935278,299.9466878,91.49118918,normal,3,1,7b86d17a76912aa0b9a35c1dda953786f0be5d045f4f2ba91edebeaa4605f9fe,retro_frozen,2026-07-22T02:57:27Z
2026-05-15,2026-05-18,AAPL,0.85,295.6340171,304.2593585,299.9466878,143.6455619,normal,3,1,7b86d17a76912aa0b9a35c1dda953786f0be5d045f4f2ba91edebeaa4605f9fe,retro_frozen,2026-07-22T02:57:27Z
2026-05-15,2026-05-18,AAPL,0.95,292.436568,307.4568076,299.9466878,250.1455487,normal,3,1,7b86d17a76912aa0b9a35c1dda953786f0be5d045f4f2ba91edebeaa4605f9fe,retro_frozen,2026-07-22T02:57:27Z
2026-05-15,2026-05-18,AAPL,0.99,288.142288,311.7510876,299.9466878,393.1785576,normal,3,1,7b86d17a76912aa0b9a35c1dda953786f0be5d045f4f2ba91edebeaa4605f9fe,retro_frozen,2026-07-22T02:57:27Z
2026-05-15,2026-05-18,GLD,0.68,412.8574582,421.2449672,417.0512127,100.4997596,normal,3,1,7b86d17a76912aa0b9a35c1dda953786f0be5d045f4f2ba91edebeaa4605f9fe,retro_frozen,2026-07-22T02:57:27Z
2026-05-15,2026-05-18,GLD,0.85,410.4668167,423.6356087,417.0512127,157.7894501,normal,3,1,7b86d17a76912aa0b9a35c1dda953786f0be5d045f4f2ba91edebeaa4605f9fe,retro_frozen,2026-07-22T02:57:27Z
2026-05-15,2026-05-18,GLD,0.95,405.5850921,428.5173333,417.0512127,274.7758306,normal,3,1,7b86d17a76912aa0b9a35c1dda953786f0be5d045f4f2ba91edebeaa4605f9fe,retro_frozen,2026-07-22T02:57:27Z
2026-05-15,2026-05-18,GLD,0.99,399.0287742,435.0736512,417.0512127,431.8924134,normal,3,1,7b86d17a76912aa0b9a35c1dda953786f0be5d045f4f2ba91edebeaa4605f9fe,retro_frozen,2026-07-22T02:57:27Z
2026-05-15,2026-05-18,GOOGL,0.68,392.8712665,399.9398902,396.4055783,89.07484876,normal,3,1,7b86d17a76912aa0b9a35c1dda953786f0be5d045f4f2ba91edebeaa4605f9fe,retro_frozen,2026-07-22T02:57:27Z
2026-05-15,2026-05-18,GOOGL,0.85,390.8565389,401.9546177,396.4055783,139.8517913,normal,3,1,7b86d17a76912aa0b9a35c1dda953786f0be5d045f4f2ba91edebeaa4605f9fe,retro_frozen,2026-07-22T02:57:27Z
2026-05-15,2026-05-18,GOOGL,0.95,386.7424361,406.0687206,396.4055783,243.5390459,normal,3,1,7b86d17a76912aa0b9a35c1dda953786f0be5d045f4f2ba91edebeaa4605f9fe,retro_frozen,2026-07-22T02:57:27Z
2026-05-15,2026-05-18,GOOGL,0.99,381.2170597,411.594097,396.4055783,382.7944621,normal,3,1,7b86d17a76912aa0b9a35c1dda953786f0be5d045f4f2ba91edebeaa4605f9fe,retro_frozen,2026-07-22T02:57:27Z
2026-05-15,2026-05-18,HOOD,0.68,75.97339218,78.16102141,77.06720679,141.7960351,normal,3,1,7b86d17a76912aa0b9a35c1dda953786f0be5d045f4f2ba91edebeaa4605f9fe,retro_frozen,2026-07-22T02:57:27Z
2026-05-15,2026-05-18,HOOD,0.85,75.34986531,78.78454828,77.06720679,222.6265864,normal,3,1,7b86d17a76912aa0b9a35c1dda953786f0be5d045f4f2ba91edebeaa4605f9fe,retro_frozen,2026-07-22T02:57:27Z
2026-05-15,2026-05-18,HOOD,0.95,74.07661437,80.05779921,77.06720679,387.6837465,normal,3,1,7b86d17a76912aa0b9a35c1dda953786f0be5d045f4f2ba91edebeaa4605f9fe,retro_frozen,2026-07-22T02:57:27Z
2026-05-15,2026-05-18,HOOD,0.99,72.36659621,81.76781738,77.06720679,609.3609782,normal,3,1,7b86d17a76912aa0b9a35c1dda953786f0be5d045f4f2ba91edebeaa4605f9fe,retro_frozen,2026-07-22T02:57:27Z
2026-05-15,2026-05-18,MSTR,0.68,172.1823451,179.0198421,175.6010936,192.6923961,normal,3,1,7b86d17a76912aa0b9a35c1dda953786f0be5d045f4f2ba91edebeaa4605f9fe,retro_frozen,2026-07-22T02:57:27Z
2026-05-15,2026-05-18,MSTR,0.85,170.2334943,180.968693,175.6010936,302.536318,normal,3,1,7b86d17a76912aa0b9a35c1dda953786f0be5d045f4f2ba91edebeaa4605f9fe,retro_frozen,2026-07-22T02:57:27Z
2026-05-15,2026-05-18,MSTR,0.95,166.2539125,184.9482748,175.6010936,526.8392025,normal,3,1,7b86d17a76912aa0b9a35c1dda953786f0be5d045f4f2ba91edebeaa4605f9fe,retro_frozen,2026-07-22T02:57:27Z
2026-05-15,2026-05-18,MSTR,0.99,160.9092024,190.2929849,175.6010936,828.0854039,normal,3,1,7b86d17a76912aa0b9a35c1dda953786f0be5d045f4f2ba91edebeaa4605f9fe,retro_frozen,2026-07-22T02:57:27Z
2026-05-15,2026-05-18,NVDA,0.68,222.8462702,227.3684831,225.1073767,100.3509002,normal,3,1,7b86d17a76912aa0b9a35c1dda953786f0be5d045f4f2ba91edebeaa4605f9fe,retro_frozen,2026-07-22T02:57:27Z
2026-05-15,2026-05-18,NVDA,0.85,221.5573309,228.6574224,225.1073767,157.5557337,normal,3,1,7b86d17a76912aa0b9a35c1dda953786f0be5d045f4f2ba91edebeaa4605f9fe,retro_frozen,2026-07-22T02:57:27Z
2026-05-15,2026-05-18,NVDA,0.95,218.9252981,231.2894552,225.1073767,274.368835,normal,3,1,7b86d17a76912aa0b9a35c1dda953786f0be5d045f4f2ba91edebeaa4605f9fe,retro_frozen,2026-07-22T02:57:27Z
2026-05-15,2026-05-18,NVDA,0.99,215.3903909,234.8243624,225.1073767,431.252698,normal,3,1,7b86d17a76912aa0b9a35c1dda953786f0be5d045f4f2ba91edebeaa4605f9fe,retro_frozen,2026-07-22T02:57:27Z
2026-05-15,2026-05-18,QQQ,0.68,703.3139338,713.2081018,708.2610178,69.78240462,normal,3,1,7b86d17a76912aa0b9a35c1dda953786f0be5d045f4f2ba91edebeaa4605f9fe,retro_frozen,2026-07-22T02:57:27Z
2026-05-15,2026-05-18,QQQ,0.85,700.4938583,716.0281773,708.2610178,109.5617273,normal,3,1,7b86d17a76912aa0b9a35c1dda953786f0be5d045f4f2ba91edebeaa4605f9fe,retro_frozen,2026-07-22T02:57:27Z
2026-05-15,2026-05-18,QQQ,0.95,694.7352231,721.7868125,708.2610178,190.7916822,normal,3,1,7b86d17a76912aa0b9a35c1dda953786f0be5d045f4f2ba91edebeaa4605f9fe,retro_frozen,2026-07-22T02:57:27Z
2026-05-15,2026-05-18,QQQ,0.99,687.0011853,729.5208503,708.2610178,299.8862015,normal,3,1,7b86d17a76912aa0b9a35c1dda953786f0be5d045f4f2ba91edebeaa4605f9fe,retro_frozen,2026-07-22T02:57:27Z
2026-05-15,2026-05-18,SPY,0.68,733.6570567,743.2879069,738.4724818,65.14638176,normal,3,1,7b86d17a76912aa0b9a35c1dda953786f0be5d045f4f2ba91edebeaa4605f9fe,retro_frozen,2026-07-22T02:57:27Z
2026-05-15,2026-05-18,SPY,0.85,730.9120331,746.0329305,738.4724818,102.2829487,normal,3,1,7b86d17a76912aa0b9a35c1dda953786f0be5d045f4f2ba91edebeaa4605f9fe,retro_frozen,2026-07-22T02:57:27Z
2026-05-15,2026-05-18,SPY,0.95,725.306655,751.6383086,738.4724818,178.116358,normal,3,1,7b86d17a76912aa0b9a35c1dda953786f0be5d045f4f2ba91edebeaa4605f9fe,retro_frozen,2026-07-22T02:57:27Z
2026-05-15,2026-05-18,SPY,0.99,717.7784465,759.1665171,738.4724818,279.9631379,normal,3,1,7b86d17a76912aa0b9a35c1dda953786f0be5d045f4f2ba91edebeaa4605f9fe,retro_frozen,2026-07-22T02:57:27Z
2026-05-15,2026-05-18,TLT,0.68,83.21193447,83.9404582,83.57619634,43.54074439,normal,3,1,7b86d17a76912aa0b9a35c1dda953786f0be5d045f4f2ba91edebeaa4605f9fe,retro_frozen,2026-07-22T02:57:27Z
2026-05-15,2026-05-18,TLT,0.85,83.00428771,84.14810497,83.57619634,68.36106022,normal,3,1,7b86d17a76912aa0b9a35c1dda953786f0be5d045f4f2ba91edebeaa4605f9fe,retro_frozen,2026-07-22T02:57:27Z
2026-05-15,2026-05-18,TLT,0.95,82.58027,84.57212267,83.57619634,119.0445058,normal,3,1,7b86d17a76912aa0b9a35c1dda953786f0be5d045f4f2ba91edebeaa4605f9fe,retro_frozen,2026-07-22T02:57:27Z
2026-05-15,2026-05-18,TLT,0.99,82.01080018,85.14159249,83.57619634,187.1140514,normal,3,1,7b86d17a76912aa0b9a35c1dda953786f0be5d045f4f2ba91edebeaa4605f9fe,retro_frozen,2026-07-22T02:57:27Z
2026-05-15,2026-05-18,TSLA,0.68,416.8766418,426.8064642,421.841553,117.5850512,normal,3,1,7b86d17a76912aa0b9a35c1dda953786f0be5d045f4f2ba91edebeaa4605f9fe,retro_frozen,2026-07-22T02:57:27Z
2026-05-15,2026-05-18,TSLA,0.85,414.0464039,429.6367021,421.841553,184.6141788,normal,3,1,7b86d17a76912aa0b9a35c1dda953786f0be5d045f4f2ba91edebeaa4605f9fe,retro_frozen,2026-07-22T02:57:27Z
2026-05-15,2026-05-18,TSLA,0.95,408.267017,435.4160889,421.841553,321.4886311,normal,3,1,7b86d17a76912aa0b9a35c1dda953786f0be5d045f4f2ba91edebeaa4605f9fe,retro_frozen,2026-07-22T02:57:27Z
2026-05-15,2026-05-18,TSLA,0.99,400.5051091,443.1779969,421.841553,505.3155529,normal,3,1,7b86d17a76912aa0b9a35c1dda953786f0be5d045f4f2ba91edebeaa4605f9fe,retro_frozen,2026-07-22T02:57:27Z
2026-05-22,2026-05-26,AAPL,0.68,308.4312661,314.4490906,311.4401784,97.43255853,long_weekend,3,1,7b86d17a76912aa0b9a35c1dda953786f0be5d045f4f2ba91edebeaa4605f9fe,retro_frozen,2026-07-22T02:57:27Z
2026-05-22,2026-05-26,AAPL,0.85,306.685655,316.1947017,311.4401784,153.9577539,long_weekend,3,1,7b86d17a76912aa0b9a35c1dda953786f0be5d045f4f2ba91edebeaa4605f9fe,retro_frozen,2026-07-22T02:57:27Z
2026-05-22,2026-05-26,AAPL,0.95,303.0926845,319.7876722,311.4401784,270.3028898,long_weekend,3,1,7b86d17a76912aa0b9a35c1dda953786f0be5d045f4f2ba91edebeaa4605f9fe,retro_frozen,2026-07-22T02:57:27Z
2026-05-22,2026-05-26,AAPL,0.99,297.4111768,325.4691799,311.4401784,454.2776222,long_weekend,3,1,7b86d17a76912aa0b9a35c1dda953786f0be5d045f4f2ba91edebeaa4605f9fe,retro_frozen,2026-07-22T02:57:27Z
2026-05-22,2026-05-26,GLD,0.68,414.0370981,422.9976847,418.5173914,108.266718,long_weekend,3,1,7b86d17a76912aa0b9a35c1dda953786f0be5d045f4f2ba91edebeaa4605f9fe,retro_frozen,2026-07-22T02:57:27Z
2026-05-22,2026-05-26,GLD,0.85,411.4378699,425.596913,418.5173914,171.0773172,long_weekend,3,1,7b86d17a76912aa0b9a35c1dda953786f0be5d045f4f2ba91edebeaa4605f9fe,retro_frozen,2026-07-22T02:57:27Z
2026-05-22,2026-05-26,GLD,0.95,406.0879094,430.9468734,418.5173914,300.3596249,long_weekend,3,1,7b86d17a76912aa0b9a35c1dda953786f0be5d045f4f2ba91edebeaa4605f9fe,retro_frozen,2026-07-22T02:57:27Z
2026-05-22,2026-05-26,GLD,0.99,397.6281011,439.4066817,418.5173914,504.7917036,long_weekend,3,1,7b86d17a76912aa0b9a35c1dda953786f0be5d045f4f2ba91edebeaa4605f9fe,retro_frozen,2026-07-22T02:57:27Z
2026-05-22,2026-05-26,GOOGL,0.68,382.5834676,389.8551381,386.2193029,94.93786021,long_weekend,3,1,7b86d17a76912aa0b9a35c1dda953786f0be5d045f4f2ba91edebeaa4605f9fe,retro_frozen,2026-07-22T02:57:27Z
2026-05-22,2026-05-26,GOOGL,0.85,380.4741492,391.9644566,386.2193029,150.0157641,long_weekend,3,1,7b86d17a76912aa0b9a35c1dda953786f0be5d045f4f2ba91edebeaa4605f9fe,retro_frozen,2026-07-22T02:57:27Z
2026-05-22,2026-05-26,GOOGL,0.95,376.1325641,396.3060417,386.2193029,263.3819572,long_weekend,3,1,7b86d17a76912aa0b9a35c1dda953786f0be5d045f4f2ba91edebeaa4605f9fe,retro_frozen,2026-07-22T02:57:27Z
2026-05-22,2026-05-26,GOOGL,0.99,369.2672839,403.1713219,386.2193029,442.6461343,long_weekend,3,1,7b86d17a76912aa0b9a35c1dda953786f0be5d045f4f2ba91edebeaa4605f9fe,retro_frozen,2026-07-22T02:57:27Z
2026-05-22,2026-05-26,HOOD,0.68,73.12549246,75.40410236,74.26479741,154.7127848,long_weekend,3,1,7b86d17a76912aa0b9a35c1dda953786f0be5d045f4f2ba91edebeaa4605f9fe,retro_frozen,2026-07-22T02:57:27Z
2026-05-22,2026-05-26,HOOD,0.85,72.46452824,76.06506657,74.26479741,244.468925,long_weekend,3,1,7b86d17a76912aa0b9a35c1dda953786f0be5d045f4f2ba91edebeaa4605f9fe,retro_frozen,2026-07-22T02:57:27Z
2026-05-22,2026-05-26,HOOD,0.95,71.10407348,77.42552134,74.26479741,429.2129186,long_weekend,3,1,7b86d17a76912aa0b9a35c1dda953786f0be5d045f4f2ba91edebeaa4605f9fe,retro_frozen,2026-07-22T02:57:27Z
2026-05-22,2026-05-26,HOOD,0.99,68.95280776,79.57678706,74.26479741,721.3456883,long_weekend,3,1,7b86d17a76912aa0b9a35c1dda953786f0be5d045f4f2ba91edebeaa4605f9fe,retro_frozen,2026-07-22T02:57:27Z
2026-05-22,2026-05-26,MSTR,0.68,159.4558786,166.624619,163.0402488,224.1772598,long_weekend,3,1,7b86d17a76912aa0b9a35c1dda953786f0be5d045f4f2ba91edebeaa4605f9fe,retro_frozen,2026-07-22T02:57:27Z
2026-05-22,2026-05-26,MSTR,0.85,157.3764174,168.7040803,163.0402488,354.2329988,long_weekend,3,1,7b86d17a76912aa0b9a35c1dda953786f0be5d045f4f2ba91edebeaa4605f9fe,retro_frozen,2026-07-22T02:57:27Z
2026-05-22,2026-05-26,MSTR,0.95,153.0962872,172.9842105,163.0402488,621.9251762,long_weekend,3,1,7b86d17a76912aa0b9a35c1dda953786f0be5d045f4f2ba91edebeaa4605f9fe,retro_frozen,2026-07-22T02:57:27Z
2026-05-22,2026-05-26,MSTR,0.99,146.3281846,179.752313,163.0402488,1045.222604,long_weekend,3,1,7b86d17a76912aa0b9a35c1dda953786f0be5d045f4f2ba91edebeaa4605f9fe,retro_frozen,2026-07-22T02:57:27Z
2026-05-22,2026-05-26,NVDA,0.68,214.545056,219.6678218,217.1064389,118.9791952,long_weekend,3,1,7b86d17a76912aa0b9a35c1dda953786f0be5d045f4f2ba91edebeaa4605f9fe,retro_frozen,2026-07-22T02:57:27Z
2026-05-22,2026-05-26,NVDA,0.85,213.0590776,221.1538001,217.1064389,188.0046046,long_weekend,3,1,7b86d17a76912aa0b9a35c1dda953786f0be5d045f4f2ba91edebeaa4605f9fe,retro_frozen,2026-07-22T02:57:27Z
2026-05-22,2026-05-26,NVDA,0.95,210.0005062,224.2123716,217.1064389,330.0787822,long_weekend,3,1,7b86d17a76912aa0b9a35c1dda953786f0be5d045f4f2ba91edebeaa4605f9fe,retro_frozen,2026-07-22T02:57:27Z
2026-05-22,2026-05-26,NVDA,0.99,205.1640352,229.0488425,217.1064389,554.7384435,long_weekend,3,1,7b86d17a76912aa0b9a35c1dda953786f0be5d045f4f2ba91edebeaa4605f9fe,retro_frozen,2026-07-22T02:57:27Z
2026-05-22,2026-05-26,QQQ,0.68,718.2333225,729.0225909,723.6279567,75.18234775,long_weekend,3,1,7b86d17a76912aa0b9a35c1dda953786f0be5d045f4f2ba91edebeaa4605f9fe,retro_frozen,2026-07-22T02:57:27Z
2026-05-22,2026-05-26,QQQ,0.85,715.1036423,732.1522711,723.6279567,118.7991526,long_weekend,3,1,7b86d17a76912aa0b9a35c1dda953786f0be5d045f4f2ba91edebeaa4605f9fe,retro_frozen,2026-07-22T02:57:27Z
2026-05-22,2026-05-26,QQQ,0.95,708.6618588,738.5940546,723.6279567,208.5751022,long_weekend,3,1,7b86d17a76912aa0b9a35c1dda953786f0be5d045f4f2ba91edebeaa4605f9fe,retro_frozen,2026-07-22T02:57:27Z
2026-05-22,2026-05-26,QQQ,0.99,698.475568,748.7803454,723.6279567,350.5363985,long_weekend,3,1,7b86d17a76912aa0b9a35c1dda953786f0be5d045f4f2ba91edebeaa4605f9fe,retro_frozen,2026-07-22T02:57:27Z
2026-05-22,2026-05-26,SPY,0.68,746.8437783,757.2099813,752.0268798,69.50652434,long_weekend,3,1,7b86d17a76912aa0b9a35c1dda953786f0be5d045f4f2ba91edebeaa4605f9fe,retro_frozen,2026-07-22T02:57:27Z
2026-05-22,2026-05-26,SPY,0.85,743.8368181,760.2169415,752.0268798,109.8305179,long_weekend,3,1,7b86d17a76912aa0b9a35c1dda953786f0be5d045f4f2ba91edebeaa4605f9fe,retro_frozen,2026-07-22T02:57:27Z
2026-05-22,2026-05-26,SPY,0.95,737.6476277,766.4061318,752.0268798,192.8289133,long_weekend,3,1,7b86d17a76912aa0b9a35c1dda953786f0be5d045f4f2ba91edebeaa4605f9fe,retro_frozen,2026-07-22T02:57:27Z
2026-05-22,2026-05-26,SPY,0.99,727.8607584,776.1930011,752.0268798,324.0729698,long_weekend,3,1,7b86d17a76912aa0b9a35c1dda953786f0be5d045f4f2ba91edebeaa4605f9fe,retro_frozen,2026-07-22T02:57:27Z
2026-05-22,2026-05-26,TLT,0.68,84.60771942,85.3952079,85.00146366,46.5006481,long_weekend,3,1,7b86d17a76912aa0b9a35c1dda953786f0be5d045f4f2ba91edebeaa4605f9fe,retro_frozen,2026-07-22T02:57:27Z
2026-05-22,2026-05-26,TLT,0.85,84.37928993,85.62363739,85.00146366,73.47785425,long_weekend,3,1,7b86d17a76912aa0b9a35c1dda953786f0be5d045f4f2ba91edebeaa4605f9fe,retro_frozen,2026-07-22T02:57:27Z
2026-05-22,2026-05-26,TLT,0.95,83.90911622,86.09381109,85.00146366,129.0047161,long_weekend,3,1,7b86d17a76912aa0b9a35c1dda953786f0be5d045f4f2ba91edebeaa4605f9fe,retro_frozen,2026-07-22T02:57:27Z
2026-05-22,2026-05-26,TLT,0.99,83.16563795,86.83728937,85.00146366,216.808469,long_weekend,3,1,7b86d17a76912aa0b9a35c1dda953786f0be5d045f4f2ba91edebeaa4605f9fe,retro_frozen,2026-07-22T02:57:27Z
2026-05-22,2026-05-26,TSLA,0.68,424.1628067,434.9046162,429.5337115,126.101258,long_weekend,3,1,7b86d17a76912aa0b9a35c1dda953786f0be5d045f4f2ba91edebeaa4605f9fe,retro_frozen,2026-07-22T02:57:27Z
2026-05-22,2026-05-26,TSLA,0.85,421.046893,438.0205299,429.5337115,199.2585101,long_weekend,3,1,7b86d17a76912aa0b9a35c1dda953786f0be5d045f4f2ba91edebeaa4605f9fe,retro_frozen,2026-07-22T02:57:27Z
2026-05-22,2026-05-26,TSLA,0.95,414.633445,444.4339779,429.5337115,349.8372101,long_weekend,3,1,7b86d17a76912aa0b9a35c1dda953786f0be5d045f4f2ba91edebeaa4605f9fe,retro_frozen,2026-07-22T02:57:27Z
2026-05-22,2026-05-26,TSLA,0.99,404.4919606,454.5754623,429.5337115,587.9449388,long_weekend,3,1,7b86d17a76912aa0b9a35c1dda953786f0be5d045f4f2ba91edebeaa4605f9fe,retro_frozen,2026-07-22T02:57:27Z
2026-05-29,2026-06-01,AAPL,0.68,310.0040557,315.3081506,312.6561032,84.98517732,normal,3,1,7b86d17a76912aa0b9a35c1dda953786f0be5d045f4f2ba91edebeaa4605f9fe,retro_frozen,2026-07-22T02:57:27Z
2026-05-29,2026-06-01,AAPL,0.85,308.4922613,316.819945,312.6561032,133.4308107,normal,3,1,7b86d17a76912aa0b9a35c1dda953786f0be5d045f4f2ba91edebeaa4605f9fe,retro_frozen,2026-07-22T02:57:27Z
2026-05-29,2026-06-01,AAPL,0.95,305.4051551,319.9070512,312.6561032,232.3574981,normal,3,1,7b86d17a76912aa0b9a35c1dda953786f0be5d045f4f2ba91edebeaa4605f9fe,retro_frozen,2026-07-22T02:57:27Z
2026-05-29,2026-06-01,AAPL,0.99,301.2590692,324.0531371,312.6561032,365.2193149,normal,3,1,7b86d17a76912aa0b9a35c1dda953786f0be5d045f4f2ba91edebeaa4605f9fe,retro_frozen,2026-07-22T02:57:27Z
2026-05-29,2026-06-01,GLD,0.68,413.3026023,421.2269519,417.2647771,94.96835659,normal,3,1,7b86d17a76912aa0b9a35c1dda953786f0be5d045f4f2ba91edebeaa4605f9fe,retro_frozen,2026-07-22T02:57:27Z
2026-05-29,2026-06-01,GLD,0.85,411.0439724,423.4855819,417.2647771,149.1048817,normal,3,1,7b86d17a76912aa0b9a35c1dda953786f0be5d045f4f2ba91edebeaa4605f9fe,retro_frozen,2026-07-22T02:57:27Z
2026-05-29,2026-06-01,GLD,0.95,406.4318172,428.0977371,417.2647771,259.6524527,normal,3,1,7b86d17a76912aa0b9a35c1dda953786f0be5d045f4f2ba91edebeaa4605f9fe,retro_frozen,2026-07-22T02:57:27Z
2026-05-29,2026-06-01,GLD,0.99,400.23754,434.2920143,417.2647771,408.1215011,normal,3,1,7b86d17a76912aa0b9a35c1dda953786f0be5d045f4f2ba91edebeaa4605f9fe,retro_frozen,2026-07-22T02:57:27Z
2026-05-29,2026-06-01,GOOGL,0.68,377.9346772,384.1983887,381.066533,82.34358186,normal,3,1,7b86d17a76912aa0b9a35c1dda953786f0be5d045f4f2ba91edebeaa4605f9fe,retro_frozen,2026-07-22T02:57:27Z
2026-05-29,2026-06-01,GOOGL,0.85,376.1493689,385.983697,381.066533,129.283379,normal,3,1,7b86d17a76912aa0b9a35c1dda953786f0be5d045f4f2ba91edebeaa4605f9fe,retro_frozen,2026-07-22T02:57:27Z
2026-05-29,2026-06-01,GOOGL,0.95,372.5037435,389.6293224,381.066533,225.1351267,normal,3,1,7b86d17a76912aa0b9a35c1dda953786f0be5d045f4f2ba91edebeaa4605f9fe,retro_frozen,2026-07-22T02:57:27Z
2026-05-29,2026-06-01,GOOGL,0.99,367.6075479,394.525518,381.066533,353.8671978,normal,3,1,7b86d17a76912aa0b9a35c1dda953786f0be5d045f4f2ba91edebeaa4605f9fe,retro_frozen,2026-07-22T02:57:27Z
2026-05-29,2026-06-01,HOOD,0.68,93.2718149,95.78864355,94.53022923,133.3772468,normal,3,1,7b86d17a76912aa0b9a35c1dda953786f0be5d045f4f2ba91edebeaa4605f9fe,retro_frozen,2026-07-22T02:57:27Z
2026-05-29,2026-06-01,HOOD,0.85,92.55445829,96.50600016,94.53022923,209.4086844,normal,3,1,7b86d17a76912aa0b9a35c1dda953786f0be5d045f4f2ba91edebeaa4605f9fe,retro_frozen,2026-07-22T02:57:27Z
2026-05-29,2026-06-01,HOOD,0.95,91.08960566,97.97085279,94.53022923,364.6659847,normal,3,1,7b86d17a76912aa0b9a35c1dda953786f0be5d045f4f2ba91edebeaa4605f9fe,retro_frozen,2026-07-22T02:57:27Z
2026-05-29,2026-06-01,HOOD,0.99,89.12226007,99.93819838,94.53022923,573.1816801,normal,3,1,7b86d17a76912aa0b9a35c1dda953786f0be5d045f4f2ba91edebeaa4605f9fe,retro_frozen,2026-07-22T02:57:27Z
2026-05-29,2026-06-01,MSTR,0.68,156.5739909,162.7935063,159.6837486,195.4716007,normal,3,1,7b86d17a76912aa0b9a35c1dda953786f0be5d045f4f2ba91edebeaa4605f9fe,retro_frozen,2026-07-22T02:57:27Z
2026-05-29,2026-06-01,MSTR,0.85,154.8012797,164.5662176,159.6837486,306.8998027,normal,3,1,7b86d17a76912aa0b9a35c1dda953786f0be5d045f4f2ba91edebeaa4605f9fe,retro_frozen,2026-07-22T02:57:27Z
2026-05-29,2026-06-01,MSTR,0.95,151.1813775,168.1861198,159.6837486,534.4378103,normal,3,1,7b86d17a76912aa0b9a35c1dda953786f0be5d045f4f2ba91edebeaa4605f9fe,retro_frozen,2026-07-22T02:57:27Z
2026-05-29,2026-06-01,MSTR,0.99,146.319729,173.0477682,159.6837486,840.028889,normal,3,1,7b86d17a76912aa0b9a35c1dda953786f0be5d045f4f2ba91edebeaa4605f9fe,retro_frozen,2026-07-22T02:57:27Z
2026-05-29,2026-06-01,NVDA,0.68,209.3869537,213.7197321,211.5533429,102.5995347,normal,3,1,7b86d17a76912aa0b9a35c1dda953786f0be5d045f4f2ba91edebeaa4605f9fe,retro_frozen,2026-07-22T02:57:27Z
2026-05-29,2026-06-01,NVDA,0.85,208.1520078,214.954678,211.5533429,161.0861979,normal,3,1,7b86d17a76912aa0b9a35c1dda953786f0be5d045f4f2ba91edebeaa4605f9fe,retro_frozen,2026-07-22T02:57:27Z
2026-05-29,2026-06-01,NVDA,0.95,205.6302304,217.4764554,211.5533429,280.516814,normal,3,1,7b86d17a76912aa0b9a35c1dda953786f0be5d045f4f2ba91edebeaa4605f9fe,retro_frozen,2026-07-22T02:57:27Z
2026-05-29,2026-06-01,NVDA,0.99,202.2433997,220.863286,211.5533429,440.9160862,normal,3,1,7b86d17a76912aa0b9a35c1dda953786f0be5d045f4f2ba91edebeaa4605f9fe,retro_frozen,2026-07-22T02:57:27Z
2026-05-29,2026-06-01,QQQ,0.68,734.9114079,744.5292607,739.7203343,65.13424488,normal,3,1,7b86d17a76912aa0b9a35c1dda953786f0be5d045f4f2ba91edebeaa4605f9fe,retro_frozen,2026-07-22T02:57:27Z
2026-05-29,2026-06-01,QQQ,0.85,732.1700888,747.2705798,739.7203343,102.2638932,normal,3,1,7b86d17a76912aa0b9a35c1dda953786f0be5d045f4f2ba91edebeaa4605f9fe,retro_frozen,2026-07-22T02:57:27Z
2026-05-29,2026-06-01,QQQ,0.95,726.5722754,752.8683932,739.7203343,178.0831747,normal,3,1,7b86d17a76912aa0b9a35c1dda953786f0be5d045f4f2ba91edebeaa4605f9fe,retro_frozen,2026-07-22T02:57:27Z
2026-05-29,2026-06-01,QQQ,0.99,719.0542267,760.3864419,739.7203343,279.9109803,normal,3,1,7b86d17a76912aa0b9a35c1dda953786f0be5d045f4f2ba91edebeaa4605f9fe,retro_frozen,2026-07-22T02:57:27Z
2026-05-29,2026-06-01,SPY,0.68,753.3652093,762.4648384,757.9150239,60.14534021,normal,3,1,7b86d17a76912aa0b9a35c1dda953786f0be5d045f4f2ba91edebeaa4605f9fe,retro_frozen,2026-07-22T02:57:27Z
2026-05-29,2026-06-01,SPY,0.85,750.7715965,765.0584513,757.9150239,94.43107327,normal,3,1,7b86d17a76912aa0b9a35c1dda953786f0be5d045f4f2ba91edebeaa4605f9fe,retro_frozen,2026-07-22T02:57:27Z
2026-05-29,2026-06-01,SPY,0.95,745.4754014,770.3546464,757.9150239,164.4430383,normal,3,1,7b86d17a76912aa0b9a35c1dda953786f0be5d045f4f2ba91edebeaa4605f9fe,retro_frozen,2026-07-22T02:57:27Z
2026-05-29,2026-06-01,SPY,0.99,738.3624359,777.4676118,757.9150239,258.4714257,normal,3,1,7b86d17a76912aa0b9a35c1dda953786f0be5d045f4f2ba91edebeaa4605f9fe,retro_frozen,2026-07-22T02:57:27Z
2026-05-29,2026-06-01,TLT,0.68,85.27426016,85.97743495,85.62584755,40.99666452,normal,3,1,7b86d17a76912aa0b9a35c1dda953786f0be5d045f4f2ba91edebeaa4605f9fe,retro_frozen,2026-07-22T02:57:27Z
2026-05-29,2026-06-01,TLT,0.85,85.07383846,86.17785665,85.62584755,64.36673261,normal,3,1,7b86d17a76912aa0b9a35c1dda953786f0be5d045f4f2ba91edebeaa4605f9fe,retro_frozen,2026-07-22T02:57:27Z
2026-05-29,2026-06-01,TLT,0.95,84.66457442,86.58712068,85.62584755,112.0887512,normal,3,1,7b86d17a76912aa0b9a35c1dda953786f0be5d045f4f2ba91edebeaa4605f9fe,retro_frozen,2026-07-22T02:57:27Z
2026-05-29,2026-06-01,TLT,0.99,84.11491928,87.13677583,85.62584755,176.1810024,normal,3,1,7b86d17a76912aa0b9a35c1dda953786f0be5d045f4f2ba91edebeaa4605f9fe,retro_frozen,2026-07-22T02:57:27Z
2026-05-29,2026-06-01,TSLA,0.68,431.6209576,441.0829201,436.3519389,108.6283349,normal,3,1,7b86d17a76912aa0b9a35c1dda953786f0be5d045f4f2ba91edebeaa4605f9fe,retro_frozen,2026-07-22T02:57:27Z
2026-05-29,2026-06-01,TSLA,0.85,428.9240711,443.7798067,436.3519389,170.5517038,normal,3,1,7b86d17a76912aa0b9a35c1dda953786f0be5d045f4f2ba91edebeaa4605f9fe,retro_frozen,2026-07-22T02:57:27Z
2026-05-29,2026-06-01,TSLA,0.95,423.4169895,449.2868882,436.3519389,297.0001229,normal,3,1,7b86d17a76912aa0b9a35c1dda953786f0be5d045f4f2ba91edebeaa4605f9fe,retro_frozen,2026-07-22T02:57:27Z
2026-05-29,2026-06-01,TSLA,0.99,416.0207966,456.6830811,436.3519389,466.8245369,normal,3,1,7b86d17a76912aa0b9a35c1dda953786f0be5d045f4f2ba91edebeaa4605f9fe,retro_frozen,2026-07-22T02:57:27Z
2026-06-05,2026-06-08,AAPL,0.68,305.1947895,312.589932,308.8923607,120.2240853,high_vol,3,1,7b86d17a76912aa0b9a35c1dda953786f0be5d045f4f2ba91edebeaa4605f9fe,retro_frozen,2026-07-22T02:57:27Z
2026-06-05,2026-06-08,AAPL,0.85,302.4110662,315.3736553,308.8923607,210.7350121,high_vol,3,1,7b86d17a76912aa0b9a35c1dda953786f0be5d045f4f2ba91edebeaa4605f9fe,retro_frozen,2026-07-22T02:57:27Z
2026-06-05,2026-06-08,AAPL,0.95,297.7466691,320.0380524,308.8923607,362.3947998,high_vol,3,1,7b86d17a76912aa0b9a35c1dda953786f0be5d045f4f2ba91edebeaa4605f9fe,retro_frozen,2026-07-22T02:57:27Z
2026-06-05,2026-06-08,AAPL,0.99,287.2943149,330.4904066,308.8923607,702.246192,high_vol,3,1,7b86d17a76912aa0b9a35c1dda953786f0be5d045f4f2ba91edebeaa4605f9fe,retro_frozen,2026-07-22T02:57:27Z
2026-06-05,2026-06-08,GLD,0.68,391.8285058,403.0559656,397.4422357,141.6714175,high_vol,3,1,7b86d17a76912aa0b9a35c1dda953786f0be5d045f4f2ba91edebeaa4605f9fe,retro_frozen,2026-07-22T02:57:27Z
2026-06-05,2026-06-08,GLD,0.85,387.6021987,407.2822726,397.4422357,248.3290083,high_vol,3,1,7b86d17a76912aa0b9a35c1dda953786f0be5d045f4f2ba91edebeaa4605f9fe,retro_frozen,2026-07-22T02:57:27Z
2026-06-05,2026-06-08,GLD,0.95,380.5206137,414.3638577,397.4422357,427.0440889,high_vol,3,1,7b86d17a76912aa0b9a35c1dda953786f0be5d045f4f2ba91edebeaa4605f9fe,retro_frozen,2026-07-22T02:57:27Z
2026-06-05,2026-06-08,GLD,0.99,364.651631,430.2328404,397.4422357,827.5231471,high_vol,3,1,7b86d17a76912aa0b9a35c1dda953786f0be5d045f4f2ba91edebeaa4605f9fe,retro_frozen,2026-07-22T02:57:27Z
2026-06-05,2026-06-08,GOOGL,0.68,366.0184108,374.7850637,370.4017372,118.8537552,high_vol,3,1,7b86d17a76912aa0b9a35c1dda953786f0be5d045f4f2ba91edebeaa4605f9fe,retro_frozen,2026-07-22T02:57:27Z
2026-06-05,2026-06-08,GOOGL,0.85,362.7184152,378.0850593,370.4017372,208.3330264,high_vol,3,1,7b86d17a76912aa0b9a35c1dda953786f0be5d045f4f2ba91edebeaa4605f9fe,retro_frozen,2026-07-22T02:57:27Z
2026-06-05,2026-06-08,GOOGL,0.95,357.1889544,383.61452,370.4017372,358.2641757,high_vol,3,1,7b86d17a76912aa0b9a35c1dda953786f0be5d045f4f2ba91edebeaa4605f9fe,retro_frozen,2026-07-22T02:57:27Z
2026-06-05,2026-06-08,GOOGL,0.99,344.7980961,396.0053784,370.4017372,694.2418964,high_vol,3,1,7b86d17a76912aa0b9a35c1dda953786f0be5d045f4f2ba91edebeaa4605f9fe,retro_frozen,2026-07-22T02:57:27Z
2026-06-05,2026-06-08,HOOD,0.68,80.84105408,84.79521085,82.81813246,239.7621131,high_vol,3,1,7b86d17a76912aa0b9a35c1dda953786f0be5d045f4f2ba91edebeaa4605f9fe,retro_frozen,2026-07-22T02:57:27Z
2026-06-05,2026-06-08,HOOD,0.85,79.35260693,86.283658,82.81813246,420.2674669,high_vol,3,1,7b86d17a76912aa0b9a35c1dda953786f0be5d045f4f2ba91edebeaa4605f9fe,retro_frozen,2026-07-22T02:57:27Z
2026-06-05,2026-06-08,HOOD,0.95,76.85857017,88.77769476,82.81813246,722.7215973,high_vol,3,1,7b86d17a76912aa0b9a35c1dda953786f0be5d045f4f2ba91edebeaa4605f9fe,retro_frozen,2026-07-22T02:57:27Z
2026-06-05,2026-06-08,HOOD,0.99,71.26973296,94.36653196,82.81813246,1400.485023,high_vol,3,1,7b86d17a76912aa0b9a35c1dda953786f0be5d045f4f2ba91edebeaa4605f9fe,retro_frozen,2026-07-22T02:57:27Z
2026-06-05,2026-06-08,MSTR,0.68,122.0227425,130.4568925,126.2398175,349.7615517,high_vol,3,1,7b86d17a76912aa0b9a35c1dda953786f0be5d045f4f2ba91edebeaa4605f9fe,retro_frozen,2026-07-22T02:57:27Z
2026-06-05,2026-06-08,MSTR,0.85,118.8479097,133.6317253,126.2398175,613.0801881,high_vol,3,1,7b86d17a76912aa0b9a35c1dda953786f0be5d045f4f2ba91edebeaa4605f9fe,retro_frozen,2026-07-22T02:57:27Z
2026-06-05,2026-06-08,MSTR,0.95,113.5281711,138.9514639,126.2398175,1054.295961,high_vol,3,1,7b86d17a76912aa0b9a35c1dda953786f0be5d045f4f2ba91edebeaa4605f9fe,retro_frozen,2026-07-22T02:57:27Z
2026-06-05,2026-06-08,MSTR,0.99,101.6072751,150.8723599,126.2398175,2043.007582,high_vol,3,1,7b86d17a76912aa0b9a35c1dda953786f0be5d045f4f2ba91edebeaa4605f9fe,retro_frozen,2026-07-22T02:57:27Z
2026-06-05,2026-06-08,NVDA,0.68,202.8354282,209.1461136,205.9907709,153.8441083,high_vol,3,1,7b86d17a76912aa0b9a35c1dda953786f0be5d045f4f2ba91edebeaa4605f9fe,retro_frozen,2026-07-22T02:57:27Z
2026-06-05,2026-06-08,NVDA,0.85,200.4599226,211.5216192,205.9907709,269.6659321,high_vol,3,1,7b86d17a76912aa0b9a35c1dda953786f0be5d045f4f2ba91edebeaa4605f9fe,retro_frozen,2026-07-22T02:57:27Z
2026-06-05,2026-06-08,NVDA,0.95,196.4795339,215.5020079,205.9907709,463.736569,high_vol,3,1,7b86d17a76912aa0b9a35c1dda953786f0be5d045f4f2ba91edebeaa4605f9fe,retro_frozen,2026-07-22T02:57:27Z
2026-06-05,2026-06-08,NVDA,0.99,187.5599601,224.4215817,205.9907709,898.6255869,high_vol,3,1,7b86d17a76912aa0b9a35c1dda953786f0be5d045f4f2ba91edebeaa4605f9fe,retro_frozen,2026-07-22T02:57:27Z
2026-06-05,2026-06-08,QQQ,0.68,702.1418227,714.8055171,708.4736699,89.76123385,high_vol,3,1,7b86d17a76912aa0b9a35c1dda953786f0be5d045f4f2ba91edebeaa4605f9fe,retro_frozen,2026-07-22T02:57:27Z
2026-06-05,2026-06-08,QQQ,0.85,697.3748798,719.5724601,708.4736699,157.3381461,high_vol,3,1,7b86d17a76912aa0b9a35c1dda953786f0be5d045f4f2ba91edebeaa4605f9fe,retro_frozen,2026-07-22T02:57:27Z
2026-06-05,2026-06-08,QQQ,0.95,689.387407,727.5599328,708.4736699,270.5697805,high_vol,3,1,7b86d17a76912aa0b9a35c1dda953786f0be5d045f4f2ba91edebeaa4605f9fe,retro_frozen,2026-07-22T02:57:27Z
2026-06-05,2026-06-08,QQQ,0.99,671.4884388,745.4589011,708.4736699,524.3082906,high_vol,3,1,7b86d17a76912aa0b9a35c1dda953786f0be5d045f4f2ba91edebeaa4605f9fe,retro_frozen,2026-07-22T02:57:27Z
2026-06-05,2026-06-08,SPY,0.68,734.5196952,746.7457771,740.6327362,82.8965591,high_vol,3,1,7b86d17a76912aa0b9a35c1dda953786f0be5d045f4f2ba91edebeaa4605f9fe,retro_frozen,2026-07-22T02:57:27Z
2026-06-05,2026-06-08,SPY,0.85,729.9174809,751.3479914,740.6327362,145.3053882,high_vol,3,1,7b86d17a76912aa0b9a35c1dda953786f0be5d045f4f2ba91edebeaa4605f9fe,retro_frozen,2026-07-22T02:57:27Z
2026-06-05,2026-06-08,SPY,0.95,722.206027,759.0594453,740.6327362,249.8774007,high_vol,3,1,7b86d17a76912aa0b9a35c1dda953786f0be5d045f4f2ba91edebeaa4605f9fe,retro_frozen,2026-07-22T02:57:27Z
2026-06-05,2026-06-08,SPY,0.99,704.9255838,776.3398885,740.6327362,484.210737,high_vol,3,1,7b86d17a76912aa0b9a35c1dda953786f0be5d045f4f2ba91edebeaa4605f9fe,retro_frozen,2026-07-22T02:57:27Z
2026-06-05,2026-06-08,TLT,0.68,84.44882999,85.50070909,84.97476954,61.83159564,high_vol,3,1,7b86d17a76912aa0b9a35c1dda953786f0be5d045f4f2ba91edebeaa4605f9fe,retro_frozen,2026-07-22T02:57:27Z
2026-06-05,2026-06-08,TLT,0.85,84.05287541,85.89666366,84.97476954,108.3816277,high_vol,3,1,7b86d17a76912aa0b9a35c1dda953786f0be5d045f4f2ba91edebeaa4605f9fe,retro_frozen,2026-07-22T02:57:27Z
2026-06-05,2026-06-08,TLT,0.95,83.38941534,86.56012374,84.97476954,186.3806962,high_vol,3,1,7b86d17a76912aa0b9a35c1dda953786f0be5d045f4f2ba91edebeaa4605f9fe,retro_frozen,2026-07-22T02:57:27Z
2026-06-05,2026-06-08,TLT,0.99,81.90268089,88.04685819,84.97476954,361.1672525,high_vol,3,1,7b86d17a76912aa0b9a35c1dda953786f0be5d045f4f2ba91edebeaa4605f9fe,retro_frozen,2026-07-22T02:57:27Z
2026-06-05,2026-06-08,TSLA,0.68,386.1719413,398.8427167,392.507329,162.10915,high_vol,3,1,7b86d17a76912aa0b9a35c1dda953786f0be5d045f4f2ba91edebeaa4605f9fe,retro_frozen,2026-07-22T02:57:27Z
2026-06-05,2026-06-08,TSLA,0.85,381.4023329,403.6123251,392.507329,284.1533258,high_vol,3,1,7b86d17a76912aa0b9a35c1dda953786f0be5d045f4f2ba91edebeaa4605f9fe,retro_frozen,2026-07-22T02:57:27Z
2026-06-05,2026-06-08,TSLA,0.95,373.4103939,411.6042641,392.507329,488.6501137,high_vol,3,1,7b86d17a76912aa0b9a35c1dda953786f0be5d045f4f2ba91edebeaa4605f9fe,retro_frozen,2026-07-22T02:57:27Z
2026-06-05,2026-06-08,TSLA,0.99,355.5014173,429.5132406,392.507329,946.9028852,high_vol,3,1,7b86d17a76912aa0b9a35c1dda953786f0be5d045f4f2ba91edebeaa4605f9fe,retro_frozen,2026-07-22T02:57:27Z
2026-06-12,2026-06-15,AAPL,0.68,291.1408299,295.8367681,293.488799,80.65019139,normal,3,1,7b86d17a76912aa0b9a35c1dda953786f0be5d045f4f2ba91edebeaa4605f9fe,retro_frozen,2026-07-22T02:57:27Z
2026-06-12,2026-06-15,AAPL,0.85,289.8023748,297.1752232,293.488799,126.6246746,normal,3,1,7b86d17a76912aa0b9a35c1dda953786f0be5d045f4f2ba91edebeaa4605f9fe,retro_frozen,2026-07-22T02:57:27Z
2026-06-12,2026-06-15,AAPL,0.95,287.0692299,299.9083681,293.488799,220.5052373,normal,3,1,7b86d17a76912aa0b9a35c1dda953786f0be5d045f4f2ba91edebeaa4605f9fe,retro_frozen,2026-07-22T02:57:27Z
2026-06-12,2026-06-15,AAPL,0.99,283.3985259,303.5790721,293.488799,346.5899417,normal,3,1,7b86d17a76912aa0b9a35c1dda953786f0be5d045f4f2ba91edebeaa4605f9fe,retro_frozen,2026-07-22T02:57:27Z
2026-06-12,2026-06-15,GLD,0.68,389.6495716,396.9961318,393.3228517,95.02975142,normal,3,1,7b86d17a76912aa0b9a35c1dda953786f0be5d045f4f2ba91edebeaa4605f9fe,retro_frozen,2026-07-22T02:57:27Z
2026-06-12,2026-06-15,GLD,0.85,387.5556255,399.0900779,393.3228517,149.2012746,normal,3,1,7b86d17a76912aa0b9a35c1dda953786f0be5d045f4f2ba91edebeaa4605f9fe,retro_frozen,2026-07-22T02:57:27Z
2026-06-12,2026-06-15,GLD,0.95,383.2797571,403.3659462,393.3228517,259.8203119,normal,3,1,7b86d17a76912aa0b9a35c1dda953786f0be5d045f4f2ba91edebeaa4605f9fe,retro_frozen,2026-07-22T02:57:27Z
2026-06-12,2026-06-15,GLD,0.99,377.5371243,409.108579,393.3228517,408.3853421,normal,3,1,7b86d17a76912aa0b9a35c1dda953786f0be5d045f4f2ba91edebeaa4605f9fe,retro_frozen,2026-07-22T02:57:27Z
2026-06-12,2026-06-15,GOOGL,0.68,359.5075828,365.6808025,362.5941927,85.81544401,normal,3,1,7b86d17a76912aa0b9a35c1dda953786f0be5d045f4f2ba91edebeaa4605f9fe,retro_frozen,2026-07-22T02:57:27Z
2026-06-12,2026-06-15,GOOGL,0.85,357.748067,367.4403183,362.5941927,134.7343693,normal,3,1,7b86d17a76912aa0b9a35c1dda953786f0be5d045f4f2ba91edebeaa4605f9fe,retro_frozen,2026-07-22T02:57:27Z
2026-06-12,2026-06-15,GOOGL,0.95,354.15511,371.0332753,362.5941927,234.6275256,normal,3,1,7b86d17a76912aa0b9a35c1dda953786f0be5d045f4f2ba91edebeaa4605f9fe,retro_frozen,2026-07-22T02:57:27Z
2026-06-12,2026-06-15,GOOGL,0.99,349.3296498,375.8587355,362.5941927,368.7873422,normal,3,1,7b86d17a76912aa0b9a35c1dda953786f0be5d045f4f2ba91edebeaa4605f9fe,retro_frozen,2026-07-22T02:57:27Z
2026-06-12,2026-06-15,HOOD,0.68,92.37827179,95.51182155,93.94504667,168.1269273,normal,3,1,7b86d17a76912aa0b9a35c1dda953786f0be5d045f4f2ba91edebeaa4605f9fe,retro_frozen,2026-07-22T02:57:27Z
2026-06-12,2026-06-15,HOOD,0.85,91.48513485,96.40495849,93.94504667,263.967352,normal,3,1,7b86d17a76912aa0b9a35c1dda953786f0be5d045f4f2ba91edebeaa4605f9fe,retro_frozen,2026-07-22T02:57:27Z
2026-06-12,2026-06-15,HOOD,0.95,89.66133624,98.2287571,93.94504667,459.6748917,normal,3,1,7b86d17a76912aa0b9a35c1dda953786f0be5d045f4f2ba91edebeaa4605f9fe,retro_frozen,2026-07-22T02:57:27Z
2026-06-12,2026-06-15,HOOD,0.99,87.21191432,100.678179,93.94504667,722.5165981,normal,3,1,7b86d17a76912aa0b9a35c1dda953786f0be5d045f4f2ba91edebeaa4605f9fe,retro_frozen,2026-07-22T02:57:27Z
2026-06-12,2026-06-15,MSTR,0.68,125.2895895,131.1094087,128.1994991,234.7269166,normal,3,1,7b86d17a76912aa0b9a35c1dda953786f0be5d045f4f2ba91edebeaa4605f9fe,retro_frozen,2026-07-22T02:57:27Z
2026-06-12,2026-06-15,MSTR,0.85,123.6308012,132.7681969,128.1994991,368.5325343,normal,3,1,7b86d17a76912aa0b9a35c1dda953786f0be5d045f4f2ba91edebeaa4605f9fe,retro_frozen,2026-07-22T02:57:27Z
2026-06-12,2026-06-15,MSTR,0.95,120.2435315,136.1554667,128.1994991,641.7655499,normal,3,1,7b86d17a76912aa0b9a35c1dda953786f0be5d045f4f2ba91edebeaa4605f9fe,retro_frozen,2026-07-22T02:57:27Z
2026-06-12,2026-06-15,MSTR,0.99,115.6943161,140.7046821,128.1994991,1008.726538,normal,3,1,7b86d17a76912aa0b9a35c1dda953786f0be5d045f4f2ba91edebeaa4605f9fe,retro_frozen,2026-07-22T02:57:27Z
2026-06-12,2026-06-15,NVDA,0.68,204.5357842,209.1692024,206.8524933,112.9055537,normal,3,1,7b86d17a76912aa0b9a35c1dda953786f0be5d045f4f2ba91edebeaa4605f9fe,retro_frozen,2026-07-22T02:57:27Z
2026-06-12,2026-06-15,NVDA,0.85,203.2151488,210.4898378,206.8524933,177.2671428,normal,3,1,7b86d17a76912aa0b9a35c1dda953786f0be5d045f4f2ba91edebeaa4605f9fe,retro_frozen,2026-07-22T02:57:27Z
2026-06-12,2026-06-15,NVDA,0.95,200.518392,213.1865946,206.8524933,308.6944429,normal,3,1,7b86d17a76912aa0b9a35c1dda953786f0be5d045f4f2ba91edebeaa4605f9fe,retro_frozen,2026-07-22T02:57:27Z
2026-06-12,2026-06-15,NVDA,0.99,196.8965583,216.8084283,206.8524933,485.205659,normal,3,1,7b86d17a76912aa0b9a35c1dda953786f0be5d045f4f2ba91edebeaa4605f9fe,retro_frozen,2026-07-22T02:57:27Z
2026-06-12,2026-06-15,QQQ,0.68,722.3421623,732.0267767,727.1844695,67.12932887,normal,3,1,7b86d17a76912aa0b9a35c1dda953786f0be5d045f4f2ba91edebeaa4605f9fe,retro_frozen,2026-07-22T02:57:27Z
2026-06-12,2026-06-15,QQQ,0.85,719.5818146,734.7871244,727.1844695,105.3962709,normal,3,1,7b86d17a76912aa0b9a35c1dda953786f0be5d045f4f2ba91edebeaa4605f9fe,retro_frozen,2026-07-22T02:57:27Z
2026-06-12,2026-06-15,QQQ,0.95,713.9451445,740.4237945,727.1844695,183.5379227,normal,3,1,7b86d17a76912aa0b9a35c1dda953786f0be5d045f4f2ba91edebeaa4605f9fe,retro_frozen,2026-07-22T02:57:27Z
2026-06-12,2026-06-15,QQQ,0.99,706.3749099,747.9940291,727.1844695,288.4847485,normal,3,1,7b86d17a76912aa0b9a35c1dda953786f0be5d045f4f2ba91edebeaa4605f9fe,retro_frozen,2026-07-22T02:57:27Z
2026-06-12,2026-06-15,SPY,0.68,743.5897115,751.9299052,747.7598084,56.21970791,normal,3,1,7b86d17a76912aa0b9a35c1dda953786f0be5d045f4f2ba91edebeaa4605f9fe,retro_frozen,2026-07-22T02:57:27Z
2026-06-12,2026-06-15,SPY,0.85,741.212556,754.3070607,747.7598084,88.26764198,normal,3,1,7b86d17a76912aa0b9a35c1dda953786f0be5d045f4f2ba91edebeaa4605f9fe,retro_frozen,2026-07-22T02:57:27Z
2026-06-12,2026-06-15,SPY,0.95,736.3583699,759.1612468,747.7598084,153.709989,normal,3,1,7b86d17a76912aa0b9a35c1dda953786f0be5d045f4f2ba91edebeaa4605f9fe,retro_frozen,2026-07-22T02:57:27Z
2026-06-12,2026-06-15,SPY,0.99,729.8390373,765.6805795,747.7598084,241.6012281,normal,3,1,7b86d17a76912aa0b9a35c1dda953786f0be5d045f4f2ba91edebeaa4605f9fe,retro_frozen,2026-07-22T02:57:27Z
2026-06-12,2026-06-15,TLT,0.68,85.67871677,86.39947958,86.03909817,42.01718751,normal,3,1,7b86d17a76912aa0b9a35c1dda953786f0be5d045f4f2ba91edebeaa4605f9fe,retro_frozen,2026-07-22T02:57:27Z
2026-06-12,2026-06-15,TLT,0.85,85.47328206,86.60491429,86.03909817,65.96900273,normal,3,1,7b86d17a76912aa0b9a35c1dda953786f0be5d045f4f2ba91edebeaa4605f9fe,retro_frozen,2026-07-22T02:57:27Z
2026-06-12,2026-06-15,TLT,0.95,85.05378139,87.02441495,86.03909817,114.8789574,normal,3,1,7b86d17a76912aa0b9a35c1dda953786f0be5d045f4f2ba91edebeaa4605f9fe,retro_frozen,2026-07-22T02:57:27Z
2026-06-12,2026-06-15,TLT,0.99,84.49037811,87.58781824,86.03909817,180.5666461,normal,3,1,7b86d17a76912aa0b9a35c1dda953786f0be5d045f4f2ba91edebeaa4605f9fe,retro_frozen,2026-07-22T02:57:27Z
2026-06-12,2026-06-15,TSLA,0.68,405.2144928,414.2314484,409.7229706,110.9287682,normal,3,1,7b86d17a76912aa0b9a35c1dda953786f0be5d045f4f2ba91edebeaa4605f9fe,retro_frozen,2026-07-22T02:57:27Z
2026-06-12,2026-06-15,TSLA,0.85,402.6444438,416.8014974,409.7229706,174.1634946,normal,3,1,7b86d17a76912aa0b9a35c1dda953786f0be5d045f4f2ba91edebeaa4605f9fe,retro_frozen,2026-07-22T02:57:27Z
2026-06-12,2026-06-15,TSLA,0.95,397.3963665,422.0495747,409.7229706,303.2897247,normal,3,1,7b86d17a76912aa0b9a35c1dda953786f0be5d045f4f2ba91edebeaa4605f9fe,retro_frozen,2026-07-22T02:57:27Z
2026-06-12,2026-06-15,TSLA,0.99,390.348025,429.0979162,409.7229706,476.7105275,normal,3,1,7b86d17a76912aa0b9a35c1dda953786f0be5d045f4f2ba91edebeaa4605f9fe,retro_frozen,2026-07-22T02:57:27Z
2026-06-18,2026-06-22,AAPL,0.68,293.4765346,298.6045494,296.040542,86.0376263,long_weekend,3,1,7b86d17a76912aa0b9a35c1dda953786f0be5d045f4f2ba91edebeaa4605f9fe,retro_frozen,2026-07-22T02:57:27Z
2026-06-18,2026-06-22,AAPL,0.85,291.9890338,300.0920503,296.040542,135.9520872,long_weekend,3,1,7b86d17a76912aa0b9a35c1dda953786f0be5d045f4f2ba91edebeaa4605f9fe,retro_frozen,2026-07-22T02:57:27Z
2026-06-18,2026-06-22,AAPL,0.95,288.9273284,303.1537557,296.040542,238.6904272,long_weekend,3,1,7b86d17a76912aa0b9a35c1dda953786f0be5d045f4f2ba91edebeaa4605f9fe,retro_frozen,2026-07-22T02:57:27Z
2026-06-18,2026-06-22,AAPL,0.99,284.0859019,307.9951822,296.040542,401.1489473,long_weekend,3,1,7b86d17a76912aa0b9a35c1dda953786f0be5d045f4f2ba91edebeaa4605f9fe,retro_frozen,2026-07-22T02:57:27Z
2026-06-18,2026-06-22,GLD,0.68,378.3561535,386.7736153,382.5648844,108.7190255,long_weekend,3,1,7b86d17a76912aa0b9a35c1dda953786f0be5d045f4f2ba91edebeaa4605f9fe,retro_frozen,2026-07-22T02:57:27Z
2026-06-18,2026-06-22,GLD,0.85,375.9144714,389.2152974,382.5648844,171.7920295,long_weekend,3,1,7b86d17a76912aa0b9a35c1dda953786f0be5d045f4f2ba91edebeaa4605f9fe,retro_frozen,2026-07-22T02:57:27Z
2026-06-18,2026-06-22,GLD,0.95,370.8887863,394.2409825,382.5648844,301.6144419,long_weekend,3,1,7b86d17a76912aa0b9a35c1dda953786f0be5d045f4f2ba91edebeaa4605f9fe,retro_frozen,2026-07-22T02:57:27Z
2026-06-18,2026-06-22,GLD,0.99,362.9417494,402.1880194,382.5648844,506.9005796,long_weekend,3,1,7b86d17a76912aa0b9a35c1dda953786f0be5d045f4f2ba91edebeaa4605f9fe,retro_frozen,2026-07-22T02:57:27Z
2026-06-18,2026-06-22,GOOGL,0.68,361.9700366,369.2255391,365.5977878,98.57216115,long_weekend,3,1,7b86d17a76912aa0b9a35c1dda953786f0be5d045f4f2ba91edebeaa4605f9fe,retro_frozen,2026-07-22T02:57:27Z
2026-06-18,2026-06-22,GOOGL,0.85,359.865408,371.3301677,365.5977878,155.7584934,long_weekend,3,1,7b86d17a76912aa0b9a35c1dda953786f0be5d045f4f2ba91edebeaa4605f9fe,retro_frozen,2026-07-22T02:57:27Z
2026-06-18,2026-06-22,GOOGL,0.95,355.5334761,375.6620996,365.5977878,273.4644395,long_weekend,3,1,7b86d17a76912aa0b9a35c1dda953786f0be5d045f4f2ba91edebeaa4605f9fe,retro_frozen,2026-07-22T02:57:27Z
2026-06-18,2026-06-22,GOOGL,0.99,348.6834603,382.5121153,365.5977878,459.5909997,long_weekend,3,1,7b86d17a76912aa0b9a35c1dda953786f0be5d045f4f2ba91edebeaa4605f9fe,retro_frozen,2026-07-22T02:57:27Z
2026-06-18,2026-06-22,HOOD,0.68,105.0567376,109.8137971,107.4352674,219.9287774,long_weekend,3,1,7b86d17a76912aa0b9a35c1dda953786f0be5d045f4f2ba91edebeaa4605f9fe,retro_frozen,2026-07-22T02:57:27Z
2026-06-18,2026-06-22,HOOD,0.85,103.676841,111.1936937,107.4352674,347.5197726,long_weekend,3,1,7b86d17a76912aa0b9a35c1dda953786f0be5d045f4f2ba91edebeaa4605f9fe,retro_frozen,2026-07-22T02:57:27Z
2026-06-18,2026-06-22,HOOD,0.95,100.8366162,114.0339185,107.4352674,610.1387973,long_weekend,3,1,7b86d17a76912aa0b9a35c1dda953786f0be5d045f4f2ba91edebeaa4605f9fe,retro_frozen,2026-07-22T02:57:27Z
2026-06-18,2026-06-22,HOOD,0.99,96.3454134,118.5251213,107.4352674,1025.414128,long_weekend,3,1,7b86d17a76912aa0b9a35c1dda953786f0be5d045f4f2ba91edebeaa4605f9fe,retro_frozen,2026-07-22T02:57:27Z
2026-06-18,2026-06-22,MSTR,0.68,110.1128297,116.1792219,113.1460258,269.5455568,long_weekend,3,1,7b86d17a76912aa0b9a35c1dda953786f0be5d045f4f2ba91edebeaa4605f9fe,retro_frozen,2026-07-22T02:57:27Z
2026-06-18,2026-06-22,MSTR,0.85,108.3531304,117.9389212,113.1460258,425.921572,long_weekend,3,1,7b86d17a76912aa0b9a35c1dda953786f0be5d045f4f2ba91edebeaa4605f9fe,retro_frozen,2026-07-22T02:57:27Z
2026-06-18,2026-06-22,MSTR,0.95,104.7311623,121.5608892,113.1460258,747.7884602,long_weekend,3,1,7b86d17a76912aa0b9a35c1dda953786f0be5d045f4f2ba91edebeaa4605f9fe,retro_frozen,2026-07-22T02:57:27Z
2026-06-18,2026-06-22,MSTR,0.99,99.00380123,127.2882503,113.1460258,1256.751505,long_weekend,3,1,7b86d17a76912aa0b9a35c1dda953786f0be5d045f4f2ba91edebeaa4605f9fe,retro_frozen,2026-07-22T02:57:27Z
2026-06-18,2026-06-22,NVDA,0.68,206.7101761,211.885042,209.2976091,122.8075805,long_weekend,3,1,7b86d17a76912aa0b9a35c1dda953786f0be5d045f4f2ba91edebeaa4605f9fe,retro_frozen,2026-07-22T02:57:27Z
2026-06-18,2026-06-22,NVDA,0.85,205.209085,213.3861332,209.2976091,194.0540159,long_weekend,3,1,7b86d17a76912aa0b9a35c1dda953786f0be5d045f4f2ba91edebeaa4605f9fe,retro_frozen,2026-07-22T02:57:27Z
2026-06-18,2026-06-22,NVDA,0.95,202.1194069,216.4758112,209.2976091,340.6997045,long_weekend,3,1,7b86d17a76912aa0b9a35c1dda953786f0be5d045f4f2ba91edebeaa4605f9fe,retro_frozen,2026-07-22T02:57:27Z
2026-06-18,2026-06-22,NVDA,0.99,197.2337476,221.3614705,209.2976091,572.5882243,long_weekend,3,1,7b86d17a76912aa0b9a35c1dda953786f0be5d045f4f2ba91edebeaa4605f9fe,retro_frozen,2026-07-22T02:57:27Z
2026-06-18,2026-06-22,QQQ,0.68,729.7395875,741.7112874,735.7254374,80.8221492,long_weekend,3,1,7b86d17a76912aa0b9a35c1dda953786f0be5d045f4f2ba91edebeaa4605f9fe,retro_frozen,2026-07-22T02:57:27Z
2026-06-18,2026-06-22,QQQ,0.85,726.2669152,745.1839596,735.7254374,127.7108673,long_weekend,3,1,7b86d17a76912aa0b9a35c1dda953786f0be5d045f4f2ba91edebeaa4605f9fe,retro_frozen,2026-07-22T02:57:27Z
2026-06-18,2026-06-22,QQQ,0.95,719.1191554,752.3317195,735.7254374,224.221357,long_weekend,3,1,7b86d17a76912aa0b9a35c1dda953786f0be5d045f4f2ba91edebeaa4605f9fe,retro_frozen,2026-07-22T02:57:27Z
2026-06-18,2026-06-22,QQQ,0.99,707.8165153,763.6343596,735.7254374,376.8318754,long_weekend,3,1,7b86d17a76912aa0b9a35c1dda953786f0be5d045f4f2ba91edebeaa4605f9fe,retro_frozen,2026-07-22T02:57:27Z
2026-06-18,2026-06-22,SPY,0.68,737.2188211,746.3911532,741.8049872,61.41583604,long_weekend,3,1,7b86d17a76912aa0b9a35c1dda953786f0be5d045f4f2ba91edebeaa4605f9fe,retro_frozen,2026-07-22T02:57:27Z
2026-06-18,2026-06-22,SPY,0.85,734.5581711,749.0518032,741.8049872,97.04604203,long_weekend,3,1,7b86d17a76912aa0b9a35c1dda953786f0be5d045f4f2ba91edebeaa4605f9fe,retro_frozen,2026-07-22T02:57:27Z
2026-06-18,2026-06-22,SPY,0.95,729.081787,754.5281873,741.8049872,170.3832703,long_weekend,3,1,7b86d17a76912aa0b9a35c1dda953786f0be5d045f4f2ba91edebeaa4605f9fe,retro_frozen,2026-07-22T02:57:27Z
2026-06-18,2026-06-22,SPY,0.99,720.422067,763.1879073,741.8049872,286.3502753,long_weekend,3,1,7b86d17a76912aa0b9a35c1dda953786f0be5d045f4f2ba91edebeaa4605f9fe,retro_frozen,2026-07-22T02:57:27Z
2026-06-18,2026-06-22,TLT,0.68,86.08934852,86.86653174,86.47794013,44.79442186,long_weekend,3,1,7b86d17a76912aa0b9a35c1dda953786f0be5d045f4f2ba91edebeaa4605f9fe,retro_frozen,2026-07-22T02:57:27Z
2026-06-18,2026-06-22,TLT,0.85,85.86390831,87.09197195,86.47794013,70.78176618,long_weekend,3,1,7b86d17a76912aa0b9a35c1dda953786f0be5d045f4f2ba91edebeaa4605f9fe,retro_frozen,2026-07-22T02:57:27Z
2026-06-18,2026-06-22,TLT,0.95,85.39988741,87.55599285,86.47794013,124.2712073,long_weekend,3,1,7b86d17a76912aa0b9a35c1dda953786f0be5d045f4f2ba91edebeaa4605f9fe,retro_frozen,2026-07-22T02:57:27Z
2026-06-18,2026-06-22,TLT,0.99,84.66613846,88.2897418,86.47794013,208.8532187,long_weekend,3,1,7b86d17a76912aa0b9a35c1dda953786f0be5d045f4f2ba91edebeaa4605f9fe,retro_frozen,2026-07-22T02:57:27Z
2026-06-18,2026-06-22,TSLA,0.68,393.0687622,402.6177577,397.84326,119.216407,long_weekend,3,1,7b86d17a76912aa0b9a35c1dda953786f0be5d045f4f2ba91edebeaa4605f9fe,retro_frozen,2026-07-22T02:57:27Z
2026-06-18,2026-06-22,TSLA,0.85,390.2988522,405.3876677,397.84326,188.3794342,long_weekend,3,1,7b86d17a76912aa0b9a35c1dda953786f0be5d045f4f2ba91edebeaa4605f9fe,retro_frozen,2026-07-22T02:57:27Z
2026-06-18,2026-06-22,TSLA,0.95,384.5975794,411.0889405,397.84326,330.7368687,long_weekend,3,1,7b86d17a76912aa0b9a35c1dda953786f0be5d045f4f2ba91edebeaa4605f9fe,retro_frozen,2026-07-22T02:57:27Z
2026-06-18,2026-06-22,TSLA,0.99,375.5822466,420.1042734,397.84326,555.8444396,long_weekend,3,1,7b86d17a76912aa0b9a35c1dda953786f0be5d045f4f2ba91edebeaa4605f9fe,retro_frozen,2026-07-22T02:57:27Z
2026-06-26,2026-06-29,AAPL,0.68,283.5882199,287.8272496,285.7077348,74.68866296,normal,3,1,7b86d17a76912aa0b9a35c1dda953786f0be5d045f4f2ba91edebeaa4605f9fe,retro_frozen,2026-07-22T02:57:27Z
2026-06-26,2026-06-29,AAPL,0.85,282.3799946,289.0354749,285.7077348,117.2647886,normal,3,1,7b86d17a76912aa0b9a35c1dda953786f0be5d045f4f2ba91edebeaa4605f9fe,retro_frozen,2026-07-22T02:57:27Z
2026-06-26,2026-06-29,AAPL,0.95,279.912781,291.5026885,285.7077348,204.2058557,normal,3,1,7b86d17a76912aa0b9a35c1dda953786f0be5d045f4f2ba91edebeaa4605f9fe,retro_frozen,2026-07-22T02:57:27Z
2026-06-26,2026-06-29,AAPL,0.99,276.5992315,294.8162381,285.7077348,320.9705878,normal,3,1,7b86d17a76912aa0b9a35c1dda953786f0be5d045f4f2ba91edebeaa4605f9fe,retro_frozen,2026-07-22T02:57:27Z
2026-06-26,2026-06-29,GLD,0.68,367.6823687,374.7148962,371.1986324,94.11085064,normal,3,1,7b86d17a76912aa0b9a35c1dda953786f0be5d045f4f2ba91edebeaa4605f9fe,retro_frozen,2026-07-22T02:57:27Z
2026-06-26,2026-06-29,GLD,0.85,365.6779294,376.7193354,371.1986324,147.7585562,normal,3,1,7b86d17a76912aa0b9a35c1dda953786f0be5d045f4f2ba91edebeaa4605f9fe,retro_frozen,2026-07-22T02:57:27Z
2026-06-26,2026-06-29,GLD,0.95,361.5848354,380.8124295,371.1986324,257.3079505,normal,3,1,7b86d17a76912aa0b9a35c1dda953786f0be5d045f4f2ba91edebeaa4605f9fe,retro_frozen,2026-07-22T02:57:27Z
2026-06-26,2026-06-29,GLD,0.99,356.0876745,386.3095904,371.1986324,404.4364145,normal,3,1,7b86d17a76912aa0b9a35c1dda953786f0be5d045f4f2ba91edebeaa4605f9fe,retro_frozen,2026-07-22T02:57:27Z
2026-06-26,2026-06-29,GOOGL,0.68,336.4154842,342.9483697,339.6819269,96.81503909,normal,3,1,7b86d17a76912aa0b9a35c1dda953786f0be5d045f4f2ba91edebeaa4605f9fe,retro_frozen,2026-07-22T02:57:27Z
2026-06-26,2026-06-29,GOOGL,0.85,334.5534549,344.810399,339.6819269,152.004262,normal,3,1,7b86d17a76912aa0b9a35c1dda953786f0be5d045f4f2ba91edebeaa4605f9fe,retro_frozen,2026-07-22T02:57:27Z
2026-06-26,2026-06-29,GOOGL,0.95,330.7511641,348.6126898,339.6819269,264.701457,normal,3,1,7b86d17a76912aa0b9a35c1dda953786f0be5d045f4f2ba91edebeaa4605f9fe,retro_frozen,2026-07-22T02:57:27Z
2026-06-26,2026-06-29,GOOGL,0.99,325.6445616,353.7192923,339.6819269,416.0575216,normal,3,1,7b86d17a76912aa0b9a35c1dda953786f0be5d045f4f2ba91edebeaa4605f9fe,retro_frozen,2026-07-22T02:57:27Z
2026-06-26,2026-06-29,HOOD,0.68,97.48813351,101.2326866,99.36041004,189.7128878,normal,3,1,7b86d17a76912aa0b9a35c1dda953786f0be5d045f4f2ba91edebeaa4605f9fe,retro_frozen,2026-07-22T02:57:27Z
2026-06-26,2026-06-29,HOOD,0.85,96.42084594,102.2999741,99.36041004,297.8583469,normal,3,1,7b86d17a76912aa0b9a35c1dda953786f0be5d045f4f2ba91edebeaa4605f9fe,retro_frozen,2026-07-22T02:57:27Z
2026-06-26,2026-06-29,HOOD,0.95,94.24142923,104.4793908,99.36041004,518.6929457,normal,3,1,7b86d17a76912aa0b9a35c1dda953786f0be5d045f4f2ba91edebeaa4605f9fe,retro_frozen,2026-07-22T02:57:27Z
2026-06-26,2026-06-29,HOOD,0.99,91.31440043,107.4064197,99.36041004,815.2811244,normal,3,1,7b86d17a76912aa0b9a35c1dda953786f0be5d045f4f2ba91edebeaa4605f9fe,retro_frozen,2026-07-22T02:57:27Z
2026-06-26,2026-06-29,MSTR,0.68,79.88563521,83.8359341,81.86078465,239.964707,normal,3,1,7b86d17a76912aa0b9a35c1dda953786f0be5d045f4f2ba91edebeaa4605f9fe,retro_frozen,2026-07-22T02:57:27Z
2026-06-26,2026-06-29,MSTR,0.85,78.75970515,84.96186416,81.86078465,376.756117,normal,3,1,7b86d17a76912aa0b9a35c1dda953786f0be5d045f4f2ba91edebeaa4605f9fe,retro_frozen,2026-07-22T02:57:27Z
2026-06-26,2026-06-29,MSTR,0.95,76.4605396,87.2610297,81.86078465,656.0861635,normal,3,1,7b86d17a76912aa0b9a35c1dda953786f0be5d045f4f2ba91edebeaa4605f9fe,retro_frozen,2026-07-22T02:57:27Z
2026-06-26,2026-06-29,MSTR,0.99,73.37268414,90.34888517,81.86078465,1031.235666,normal,3,1,7b86d17a76912aa0b9a35c1dda953786f0be5d045f4f2ba91edebeaa4605f9fe,retro_frozen,2026-07-22T02:57:27Z
2026-06-26,2026-06-29,NVDA,0.68,191.7554019,195.9203332,193.8378676,108.1631774,normal,3,1,7b86d17a76912aa0b9a35c1dda953786f0be5d045f4f2ba91edebeaa4605f9fe,retro_frozen,2026-07-22T02:57:27Z
2026-06-26,2026-06-29,NVDA,0.85,190.5682965,197.1074387,193.8378676,169.8213842,normal,3,1,7b86d17a76912aa0b9a35c1dda953786f0be5d045f4f2ba91edebeaa4605f9fe,retro_frozen,2026-07-22T02:57:27Z
2026-06-26,2026-06-29,NVDA,0.95,188.1442099,199.5315252,193.8378676,295.7283384,normal,3,1,7b86d17a76912aa0b9a35c1dda953786f0be5d045f4f2ba91edebeaa4605f9fe,retro_frozen,2026-07-22T02:57:27Z
2026-06-26,2026-06-29,NVDA,0.99,184.8885814,202.7871538,193.8378676,464.8255471,normal,3,1,7b86d17a76912aa0b9a35c1dda953786f0be5d045f4f2ba91edebeaa4605f9fe,retro_frozen,2026-07-22T02:57:27Z
2026-06-26,2026-06-29,QQQ,0.68,706.2221193,716.4167926,711.3194559,72.1470939,normal,3,1,7b86d17a76912aa0b9a35c1dda953786f0be5d045f4f2ba91edebeaa4605f9fe,retro_frozen,2026-07-22T02:57:27Z
2026-06-26,2026-06-29,QQQ,0.85,703.3163926,719.3225193,711.3194559,113.2744031,normal,3,1,7b86d17a76912aa0b9a35c1dda953786f0be5d045f4f2ba91edebeaa4605f9fe,retro_frozen,2026-07-22T02:57:27Z
2026-06-26,2026-06-29,QQQ,0.95,697.3828564,725.2560555,711.3194559,197.256966,normal,3,1,7b86d17a76912aa0b9a35c1dda953786f0be5d045f4f2ba91edebeaa4605f9fe,retro_frozen,2026-07-22T02:57:27Z
2026-06-26,2026-06-29,QQQ,0.99,689.4139208,733.2249911,711.3194559,310.0483289,normal,3,1,7b86d17a76912aa0b9a35c1dda953786f0be5d045f4f2ba91edebeaa4605f9fe,retro_frozen,2026-07-22T02:57:27Z
2026-06-26,2026-06-29,SPY,0.68,729.8771712,738.006962,733.9420666,55.76064776,normal,3,1,7b86d17a76912aa0b9a35c1dda953786f0be5d045f4f2ba91edebeaa4605f9fe,retro_frozen,2026-07-22T02:57:27Z
2026-06-26,2026-06-29,SPY,0.85,727.5599856,740.3241477,733.9420666,87.54689549,normal,3,1,7b86d17a76912aa0b9a35c1dda953786f0be5d045f4f2ba91edebeaa4605f9fe,retro_frozen,2026-07-22T02:57:27Z
2026-06-26,2026-06-29,SPY,0.95,722.8282588,745.0558744,733.9420666,152.4548752,normal,3,1,7b86d17a76912aa0b9a35c1dda953786f0be5d045f4f2ba91edebeaa4605f9fe,retro_frozen,2026-07-22T02:57:27Z
2026-06-26,2026-06-29,SPY,0.99,716.4733931,751.4107401,733.9420666,239.6284413,normal,3,1,7b86d17a76912aa0b9a35c1dda953786f0be5d045f4f2ba91edebeaa4605f9fe,retro_frozen,2026-07-22T02:57:27Z
2026-06-26,2026-06-29,TLT,0.68,86.99594198,87.67454947,87.33524572,38.83971428,normal,3,1,7b86d17a76912aa0b9a35c1dda953786f0be5d045f4f2ba91edebeaa4605f9fe,retro_frozen,2026-07-22T02:57:27Z
2026-06-26,2026-06-29,TLT,0.85,86.80252254,87.8679689,87.33524572,60.98021711,normal,3,1,7b86d17a76912aa0b9a35c1dda953786f0be5d045f4f2ba91edebeaa4605f9fe,retro_frozen,2026-07-22T02:57:27Z
2026-06-26,2026-06-29,TLT,0.95,86.40755725,88.2629342,87.33524572,106.1914456,normal,3,1,7b86d17a76912aa0b9a35c1dda953786f0be5d045f4f2ba91edebeaa4605f9fe,retro_frozen,2026-07-22T02:57:27Z
2026-06-26,2026-06-29,TLT,0.99,85.87710578,88.79338567,87.33524572,166.9116226,normal,3,1,7b86d17a76912aa0b9a35c1dda953786f0be5d045f4f2ba91edebeaa4605f9fe,retro_frozen,2026-07-22T02:57:27Z
2026-06-26,2026-06-29,TSLA,0.68,378.3403945,386.2383778,382.2893861,104.0002038,normal,3,1,7b86d17a76912aa0b9a35c1dda953786f0be5d045f4f2ba91edebeaa4605f9fe,retro_frozen,2026-07-22T02:57:27Z
2026-06-26,2026-06-29,TSLA,0.85,376.0892795,388.4894927,382.2893861,163.2853157,normal,3,1,7b86d17a76912aa0b9a35c1dda953786f0be5d045f4f2ba91edebeaa4605f9fe,retro_frozen,2026-07-22T02:57:27Z
2026-06-26,2026-06-29,TSLA,0.95,371.4924701,393.0863021,382.2893861,284.3463755,normal,3,1,7b86d17a76912aa0b9a35c1dda953786f0be5d045f4f2ba91edebeaa4605f9fe,retro_frozen,2026-07-22T02:57:27Z
2026-06-26,2026-06-29,TSLA,0.99,365.3188029,399.2599693,382.2893861,446.9353877,normal,3,1,7b86d17a76912aa0b9a35c1dda953786f0be5d045f4f2ba91edebeaa4605f9fe,retro_frozen,2026-07-22T02:57:27Z
2026-07-02,2026-07-06,AAPL,0.68,307.5380443,312.4862747,310.0121595,80.16444238,long_weekend,3,1,7b86d17a76912aa0b9a35c1dda953786f0be5d045f4f2ba91edebeaa4605f9fe,retro_frozen,2026-07-22T02:57:27Z
2026-07-02,2026-07-06,AAPL,0.85,306.102694,313.921625,310.0121595,126.6715939,long_weekend,3,1,7b86d17a76912aa0b9a35c1dda953786f0be5d045f4f2ba91edebeaa4605f9fe,retro_frozen,2026-07-22T02:57:27Z
2026-07-02,2026-07-06,AAPL,0.95,303.1483297,316.8759892,310.0121595,222.3967096,long_weekend,3,1,7b86d17a76912aa0b9a35c1dda953786f0be5d045f4f2ba91edebeaa4605f9fe,retro_frozen,2026-07-22T02:57:27Z
2026-07-02,2026-07-06,AAPL,0.99,298.47664,321.547679,310.0121595,373.7653287,long_weekend,3,1,7b86d17a76912aa0b9a35c1dda953786f0be5d045f4f2ba91edebeaa4605f9fe,retro_frozen,2026-07-22T02:57:27Z
2026-07-02,2026-07-06,GLD,0.68,379.508399,387.0928159,383.3006075,100.2884828,long_weekend,3,1,7b86d17a76912aa0b9a35c1dda953786f0be5d045f4f2ba91edebeaa4605f9fe,retro_frozen,2026-07-22T02:57:27Z
2026-07-02,2026-07-06,GLD,0.85,377.3083611,389.2928539,383.3006075,158.4705337,long_weekend,3,1,7b86d17a76912aa0b9a35c1dda953786f0be5d045f4f2ba91edebeaa4605f9fe,retro_frozen,2026-07-22T02:57:27Z
2026-07-02,2026-07-06,GLD,0.95,372.7800493,393.8211657,383.3006075,278.2259557,long_weekend,3,1,7b86d17a76912aa0b9a35c1dda953786f0be5d045f4f2ba91edebeaa4605f9fe,retro_frozen,2026-07-22T02:57:27Z
2026-07-02,2026-07-06,GLD,0.99,365.6195011,400.9817139,383.3006075,467.5933198,long_weekend,3,1,7b86d17a76912aa0b9a35c1dda953786f0be5d045f4f2ba91edebeaa4605f9fe,retro_frozen,2026-07-22T02:57:27Z
2026-07-02,2026-07-06,GOOGL,0.68,357.7682907,365.2753258,361.5218083,104.290448,long_weekend,3,1,7b86d17a76912aa0b9a35c1dda953786f0be5d045f4f2ba91edebeaa4605f9fe,retro_frozen,2026-07-22T02:57:27Z
2026-07-02,2026-07-06,GOOGL,0.85,355.5906992,367.4529174,361.5218083,164.7942266,long_weekend,3,1,7b86d17a76912aa0b9a35c1dda953786f0be5d045f4f2ba91edebeaa4605f9fe,retro_frozen,2026-07-22T02:57:27Z
2026-07-02,2026-07-06,GOOGL,0.95,351.1085886,371.935028,361.5218083,289.3284329,long_weekend,3,1,7b86d17a76912aa0b9a35c1dda953786f0be5d045f4f2ba91edebeaa4605f9fe,retro_frozen,2026-07-22T02:57:27Z
2026-07-02,2026-07-06,GOOGL,0.99,344.0210975,379.0225191,361.5218083,486.2524135,long_weekend,3,1,7b86d17a76912aa0b9a35c1dda953786f0be5d045f4f2ba91edebeaa4605f9fe,retro_frozen,2026-07-22T02:57:27Z
2026-07-02,2026-07-06,HOOD,0.68,110.9241549,115.5455417,113.2348483,204.9759043,long_weekend,3,1,7b86d17a76912aa0b9a35c1dda953786f0be5d045f4f2ba91edebeaa4605f9fe,retro_frozen,2026-07-22T02:57:27Z
2026-07-02,2026-07-06,HOOD,0.85,109.5836133,116.8860833,113.2348483,323.8920367,long_weekend,3,1,7b86d17a76912aa0b9a35c1dda953786f0be5d045f4f2ba91edebeaa4605f9fe,retro_frozen,2026-07-22T02:57:27Z
2026-07-02,2026-07-06,HOOD,0.95,106.8243925,119.6453041,113.2348483,568.6556946,long_weekend,3,1,7b86d17a76912aa0b9a35c1dda953786f0be5d045f4f2ba91edebeaa4605f9fe,retro_frozen,2026-07-22T02:57:27Z
2026-07-02,2026-07-06,HOOD,0.99,102.46128,124.0084166,113.2348483,955.6966151,long_weekend,3,1,7b86d17a76912aa0b9a35c1dda953786f0be5d045f4f2ba91edebeaa4605f9fe,retro_frozen,2026-07-22T02:57:27Z
2026-07-02,2026-07-06,MSTR,0.68,101.4109687,107.0633618,104.2371653,280.4601193,long_weekend,3,1,7b86d17a76912aa0b9a35c1dda953786f0be5d045f4f2ba91edebeaa4605f9fe,retro_frozen,2026-07-22T02:57:27Z
2026-07-02,2026-07-06,MSTR,0.85,99.77135963,108.7029709,104.2371653,443.168184,long_weekend,3,1,7b86d17a76912aa0b9a35c1dda953786f0be5d045f4f2ba91edebeaa4605f9fe,retro_frozen,2026-07-22T02:57:27Z
2026-07-02,2026-07-06,MSTR,0.95,96.39657174,112.0777588,104.2371653,778.0682542,long_weekend,3,1,7b86d17a76912aa0b9a35c1dda953786f0be5d045f4f2ba91edebeaa4605f9fe,retro_frozen,2026-07-22T02:57:27Z
2026-07-02,2026-07-06,MSTR,0.99,91.06007275,117.4142578,104.2371653,1307.640465,long_weekend,3,1,7b86d17a76912aa0b9a35c1dda953786f0be5d045f4f2ba91edebeaa4605f9fe,retro_frozen,2026-07-22T02:57:27Z
2026-07-02,2026-07-06,NVDA,0.68,193.45874,197.9462993,195.7025197,115.1660246,long_weekend,3,1,7b86d17a76912aa0b9a35c1dda953786f0be5d045f4f2ba91edebeaa4605f9fe,retro_frozen,2026-07-22T02:57:27Z
2026-07-02,2026-07-06,NVDA,0.85,192.1570182,199.2480211,195.7025197,181.9792351,long_weekend,3,1,7b86d17a76912aa0b9a35c1dda953786f0be5d045f4f2ba91edebeaa4605f9fe,retro_frozen,2026-07-22T02:57:27Z
2026-07-02,2026-07-06,NVDA,0.95,189.4776997,201.9273396,195.7025197,319.5000699,long_weekend,3,1,7b86d17a76912aa0b9a35c1dda953786f0be5d045f4f2ba91edebeaa4605f9fe,retro_frozen,2026-07-22T02:57:27Z
2026-07-02,2026-07-06,NVDA,0.99,185.2409356,206.1641037,195.7025197,536.9596018,long_weekend,3,1,7b86d17a76912aa0b9a35c1dda953786f0be5d045f4f2ba91edebeaa4605f9fe,retro_frozen,2026-07-22T02:57:27Z
2026-07-02,2026-07-06,QQQ,0.68,710.2762593,721.3062426,715.791251,77.39253208,long_weekend,3,1,7b86d17a76912aa0b9a35c1dda953786f0be5d045f4f2ba91edebeaa4605f9fe,retro_frozen,2026-07-22T02:57:27Z
2026-07-02,2026-07-06,QQQ,0.85,707.0767541,724.5057479,715.791251,122.2915685,long_weekend,3,1,7b86d17a76912aa0b9a35c1dda953786f0be5d045f4f2ba91edebeaa4605f9fe,retro_frozen,2026-07-22T02:57:27Z
2026-07-02,2026-07-06,QQQ,0.95,700.4912506,731.0912513,715.791251,214.70672,long_weekend,3,1,7b86d17a76912aa0b9a35c1dda953786f0be5d045f4f2ba91edebeaa4605f9fe,retro_frozen,2026-07-22T02:57:27Z
2026-07-02,2026-07-06,QQQ,0.99,690.0776976,741.5048043,715.791251,360.8413448,long_weekend,3,1,7b86d17a76912aa0b9a35c1dda953786f0be5d045f4f2ba91edebeaa4605f9fe,retro_frozen,2026-07-22T02:57:27Z
2026-07-02,2026-07-06,SPY,0.68,743.645012,752.5858247,748.1154184,60.02317719,long_weekend,3,1,7b86d17a76912aa0b9a35c1dda953786f0be5d045f4f2ba91edebeaa4605f9fe,retro_frozen,2026-07-22T02:57:27Z
2026-07-02,2026-07-06,SPY,0.85,741.0515197,755.1793171,748.1154184,94.84543648,long_weekend,3,1,7b86d17a76912aa0b9a35c1dda953786f0be5d045f4f2ba91edebeaa4605f9fe,retro_frozen,2026-07-22T02:57:27Z
2026-07-02,2026-07-06,SPY,0.95,735.7133653,760.5174714,748.1154184,166.5196777,long_weekend,3,1,7b86d17a76912aa0b9a35c1dda953786f0be5d045f4f2ba91edebeaa4605f9fe,retro_frozen,2026-07-22T02:57:27Z
2026-07-02,2026-07-06,SPY,0.99,727.2722259,768.9586109,748.1154184,279.8570275,long_weekend,3,1,7b86d17a76912aa0b9a35c1dda953786f0be5d045f4f2ba91edebeaa4605f9fe,retro_frozen,2026-07-22T02:57:27Z
2026-07-02,2026-07-06,TLT,0.68,85.10761712,85.81491209,85.4612646,41.35744045,long_weekend,3,1,7b86d17a76912aa0b9a35c1dda953786f0be5d045f4f2ba91edebeaa4605f9fe,retro_frozen,2026-07-22T02:57:27Z
2026-07-02,2026-07-06,TLT,0.85,84.90244964,86.02007957,85.4612646,65.3508307,long_weekend,3,1,7b86d17a76912aa0b9a35c1dda953786f0be5d045f4f2ba91edebeaa4605f9fe,retro_frozen,2026-07-22T02:57:27Z
2026-07-02,2026-07-06,TLT,0.95,84.48015585,86.44237336,85.4612646,114.7361399,long_weekend,3,1,7b86d17a76912aa0b9a35c1dda953786f0be5d045f4f2ba91edebeaa4605f9fe,retro_frozen,2026-07-22T02:57:27Z
2026-07-02,2026-07-06,TLT,0.99,83.81238932,87.11013988,85.4612646,192.8283521,long_weekend,3,1,7b86d17a76912aa0b9a35c1dda953786f0be5d045f4f2ba91edebeaa4605f9fe,retro_frozen,2026-07-22T02:57:27Z
2026-07-02,2026-07-06,TSLA,0.68,390.8533779,399.5706638,395.2120209,110.7800941,long_weekend,3,1,7b86d17a76912aa0b9a35c1dda953786f0be5d045f4f2ba91edebeaa4605f9fe,retro_frozen,2026-07-22T02:57:27Z
2026-07-02,2026-07-06,TSLA,0.85,388.3247248,402.0993169,395.2120209,175.0488207,long_weekend,3,1,7b86d17a76912aa0b9a35c1dda953786f0be5d045f4f2ba91edebeaa4605f9fe,retro_frozen,2026-07-22T02:57:27Z
2026-07-02,2026-07-06,TSLA,0.95,383.1200282,407.3040135,395.2120209,307.3323745,long_weekend,3,1,7b86d17a76912aa0b9a35c1dda953786f0be5d045f4f2ba91edebeaa4605f9fe,retro_frozen,2026-07-22T02:57:27Z
2026-07-02,2026-07-06,TSLA,0.99,374.8899234,415.5341183,395.2120209,516.5102764,long_weekend,3,1,7b86d17a76912aa0b9a35c1dda953786f0be5d045f4f2ba91edebeaa4605f9fe,retro_frozen,2026-07-22T02:57:27Z
2026-07-10,2026-07-13,AAPL,0.68,311.973015,316.4548805,314.2139478,71.06852481,normal,3,1,7b86d17a76912aa0b9a35c1dda953786f0be5d045f4f2ba91edebeaa4605f9fe,retro_frozen,2026-07-22T02:57:27Z
2026-07-10,2026-07-13,AAPL,0.85,310.6955757,317.7323199,314.2139478,111.5809978,normal,3,1,7b86d17a76912aa0b9a35c1dda953786f0be5d045f4f2ba91edebeaa4605f9fe,retro_frozen,2026-07-22T02:57:27Z
2026-07-10,2026-07-13,AAPL,0.95,308.087026,320.3408695,314.2139478,194.3080562,normal,3,1,7b86d17a76912aa0b9a35c1dda953786f0be5d045f4f2ba91edebeaa4605f9fe,retro_frozen,2026-07-22T02:57:27Z
2026-07-10,2026-07-13,AAPL,0.99,304.5836574,323.8442381,314.2139478,305.4132351,normal,3,1,7b86d17a76912aa0b9a35c1dda953786f0be5d045f4f2ba91edebeaa4605f9fe,retro_frozen,2026-07-22T02:57:27Z
2026-07-10,2026-07-13,GLD,0.68,370.4132647,377.0689562,373.7411105,88.26942698,normal,3,1,7b86d17a76912aa0b9a35c1dda953786f0be5d045f4f2ba91edebeaa4605f9fe,retro_frozen,2026-07-22T02:57:27Z
2026-07-10,2026-07-13,GLD,0.85,368.5162328,378.9659881,373.7411105,138.5872405,normal,3,1,7b86d17a76912aa0b9a35c1dda953786f0be5d045f4f2ba91edebeaa4605f9fe,retro_frozen,2026-07-22T02:57:27Z
2026-07-10,2026-07-13,GLD,0.95,364.642466,382.8397549,373.7411105,241.3369467,normal,3,1,7b86d17a76912aa0b9a35c1dda953786f0be5d045f4f2ba91edebeaa4605f9fe,retro_frozen,2026-07-22T02:57:27Z
2026-07-10,2026-07-13,GLD,0.99,359.4398689,388.042352,373.7411105,379.3332046,normal,3,1,7b86d17a76912aa0b9a35c1dda953786f0be5d045f4f2ba91edebeaa4605f9fe,retro_frozen,2026-07-22T02:57:27Z
2026-07-10,2026-07-13,GOOGL,0.68,352.7185837,359.1356149,355.9270993,89.82909583,normal,3,1,7b86d17a76912aa0b9a35c1dda953786f0be5d045f4f2ba91edebeaa4605f9fe,retro_frozen,2026-07-22T02:57:27Z
2026-07-10,2026-07-13,GOOGL,0.85,350.8895757,360.9646229,355.9270993,141.0359955,normal,3,1,7b86d17a76912aa0b9a35c1dda953786f0be5d045f4f2ba91edebeaa4605f9fe,retro_frozen,2026-07-22T02:57:27Z
2026-07-10,2026-07-13,GOOGL,0.95,347.1547148,364.6994838,355.9270993,245.6012286,normal,3,1,7b86d17a76912aa0b9a35c1dda953786f0be5d045f4f2ba91edebeaa4605f9fe,retro_frozen,2026-07-22T02:57:27Z
2026-07-10,2026-07-13,GOOGL,0.99,342.1386729,369.7155257,355.9270993,386.0357991,normal,3,1,7b86d17a76912aa0b9a35c1dda953786f0be5d045f4f2ba91edebeaa4605f9fe,retro_frozen,2026-07-22T02:57:27Z
2026-07-10,2026-07-13,HOOD,0.68,109.5598384,113.5946415,111.5772399,180.1733987,normal,3,1,7b86d17a76912aa0b9a35c1dda953786f0be5d045f4f2ba91edebeaa4605f9fe,retro_frozen,2026-07-22T02:57:27Z
2026-07-10,2026-07-13,HOOD,0.85,108.4098226,114.7446573,111.5772399,282.8808908,normal,3,1,7b86d17a76912aa0b9a35c1dda953786f0be5d045f4f2ba91edebeaa4605f9fe,retro_frozen,2026-07-22T02:57:27Z
2026-07-10,2026-07-13,HOOD,0.95,106.0614736,117.0930063,111.5772399,492.6110818,normal,3,1,7b86d17a76912aa0b9a35c1dda953786f0be5d045f4f2ba91edebeaa4605f9fe,retro_frozen,2026-07-22T02:57:27Z
2026-07-10,2026-07-13,HOOD,0.99,102.9075632,120.2469167,111.5772399,774.2856733,normal,3,1,7b86d17a76912aa0b9a35c1dda953786f0be5d045f4f2ba91edebeaa4605f9fe,retro_frozen,2026-07-22T02:57:27Z
2026-07-10,2026-07-13,MSTR,0.68,91.32193208,97.29046879,94.30620043,315.3284417,normal,3,1,7b86d17a76912aa0b9a35c1dda953786f0be5d045f4f2ba91edebeaa4605f9fe,retro_frozen,2026-07-22T02:57:27Z
2026-07-10,2026-07-13,MSTR,0.85,89.62075577,98.9916451,94.30620043,495.0808005,normal,3,1,7b86d17a76912aa0b9a35c1dda953786f0be5d045f4f2ba91edebeaa4605f9fe,retro_frozen,2026-07-22T02:57:27Z
2026-07-10,2026-07-13,MSTR,0.95,86.14692902,102.4654718,94.30620043,862.137729,normal,3,1,7b86d17a76912aa0b9a35c1dda953786f0be5d045f4f2ba91edebeaa4605f9fe,retro_frozen,2026-07-22T02:57:27Z
2026-07-10,2026-07-13,MSTR,0.99,81.48146466,107.1309362,94.30620043,1355.107339,normal,3,1,7b86d17a76912aa0b9a35c1dda953786f0be5d045f4f2ba91edebeaa4605f9fe,retro_frozen,2026-07-22T02:57:27Z
2026-07-10,2026-07-13,NVDA,0.68,208.1040864,212.3359427,210.2200146,100.2999678,normal,3,1,7b86d17a76912aa0b9a35c1dda953786f0be5d045f4f2ba91edebeaa4605f9fe,retro_frozen,2026-07-22T02:57:27Z
2026-07-10,2026-07-13,NVDA,0.85,206.8979057,213.5421235,210.2200146,157.4757674,normal,3,1,7b86d17a76912aa0b9a35c1dda953786f0be5d045f4f2ba91edebeaa4605f9fe,retro_frozen,2026-07-22T02:57:27Z
2026-07-10,2026-07-13,NVDA,0.95,204.4348671,216.005162,210.2200146,274.229581,normal,3,1,7b86d17a76912aa0b9a35c1dda953786f0be5d045f4f2ba91edebeaa4605f9fe,retro_frozen,2026-07-22T02:57:27Z
2026-07-10,2026-07-13,NVDA,0.99,201.1269248,219.3131043,210.2200146,431.0338188,normal,3,1,7b86d17a76912aa0b9a35c1dda953786f0be5d045f4f2ba91edebeaa4605f9fe,retro_frozen,2026-07-22T02:57:27Z
2026-07-10,2026-07-13,QQQ,0.68,718.049132,727.8810914,722.9651117,67.75895075,normal,3,1,7b86d17a76912aa0b9a35c1dda953786f0be5d045f4f2ba91edebeaa4605f9fe,retro_frozen,2026-07-22T02:57:27Z
2026-07-10,2026-07-13,QQQ,0.85,715.2467874,730.683436,722.9651117,106.3848075,normal,3,1,7b86d17a76912aa0b9a35c1dda953786f0be5d045f4f2ba91edebeaa4605f9fe,retro_frozen,2026-07-22T02:57:27Z
2026-07-10,2026-07-13,QQQ,0.95,709.5243591,736.4058643,722.9651117,185.2593683,normal,3,1,7b86d17a76912aa0b9a35c1dda953786f0be5d045f4f2ba91edebeaa4605f9fe,retro_frozen,2026-07-22T02:57:27Z
2026-07-10,2026-07-13,QQQ,0.99,701.8389483,744.091275,722.9651117,291.1905153,normal,3,1,7b86d17a76912aa0b9a35c1dda953786f0be5d045f4f2ba91edebeaa4605f9fe,retro_frozen,2026-07-22T02:57:27Z
2026-07-10,2026-07-13,SPY,0.68,748.3977298,756.2059629,752.3018463,51.71357625,normal,3,1,7b86d17a76912aa0b9a35c1dda953786f0be5d045f4f2ba91edebeaa4605f9fe,retro_frozen,2026-07-22T02:57:27Z
2026-07-10,2026-07-13,SPY,0.85,746.1721959,758.4314968,752.3018463,81.19279882,normal,3,1,7b86d17a76912aa0b9a35c1dda953786f0be5d045f4f2ba91edebeaa4605f9fe,retro_frozen,2026-07-22T02:57:27Z
2026-07-10,2026-07-13,SPY,0.95,741.6276233,762.9760694,752.3018463,141.3897996,normal,3,1,7b86d17a76912aa0b9a35c1dda953786f0be5d045f4f2ba91edebeaa4605f9fe,retro_frozen,2026-07-22T02:57:27Z
2026-07-10,2026-07-13,SPY,0.99,735.5241117,769.079581,752.3018463,222.236365,normal,3,1,7b86d17a76912aa0b9a35c1dda953786f0be5d045f4f2ba91edebeaa4605f9fe,retro_frozen,2026-07-22T02:57:27Z
2026-07-10,2026-07-13,TLT,0.68,84.03601869,84.63774592,84.33688231,35.61780656,normal,3,1,7b86d17a76912aa0b9a35c1dda953786f0be5d045f4f2ba91edebeaa4605f9fe,retro_frozen,2026-07-22T02:57:27Z
2026-07-10,2026-07-13,TLT,0.85,83.86451198,84.80925264,84.33688231,55.92166724,normal,3,1,7b86d17a76912aa0b9a35c1dda953786f0be5d045f4f2ba91edebeaa4605f9fe,retro_frozen,2026-07-22T02:57:27Z
2026-07-10,2026-07-13,TLT,0.95,83.51429278,85.15947184,84.33688231,97.38244574,normal,3,1,7b86d17a76912aa0b9a35c1dda953786f0be5d045f4f2ba91edebeaa4605f9fe,retro_frozen,2026-07-22T02:57:27Z
2026-07-10,2026-07-13,TLT,0.99,83.04393679,85.62982782,84.33688231,153.0656442,normal,3,1,7b86d17a76912aa0b9a35c1dda953786f0be5d045f4f2ba91edebeaa4605f9fe,retro_frozen,2026-07-22T02:57:27Z
2026-07-10,2026-07-13,TSLA,0.68,402.4097505,410.2496396,406.329695,96.13361886,normal,3,1,7b86d17a76912aa0b9a35c1dda953786f0be5d045f4f2ba91edebeaa4605f9fe,retro_frozen,2026-07-22T02:57:27Z
2026-07-10,2026-07-13,TSLA,0.85,400.1751938,412.4841962,406.329695,150.9343995,normal,3,1,7b86d17a76912aa0b9a35c1dda953786f0be5d045f4f2ba91edebeaa4605f9fe,retro_frozen,2026-07-22T02:57:27Z
2026-07-10,2026-07-13,TSLA,0.95,395.6121966,417.0471935,406.329695,262.8383897,normal,3,1,7b86d17a76912aa0b9a35c1dda953786f0be5d045f4f2ba91edebeaa4605f9fe,retro_frozen,2026-07-22T02:57:27Z
2026-07-10,2026-07-13,TSLA,0.99,389.4839402,423.1754498,406.329695,413.1291542,normal,3,1,7b86d17a76912aa0b9a35c1dda953786f0be5d045f4f2ba91edebeaa4605f9fe,retro_frozen,2026-07-22T02:57:27Z
2026-07-17,2026-07-20,AAPL,0.68,331.807989,336.5403232,334.1741561,70.89851905,normal,3,1,7b86d17a76912aa0b9a35c1dda953786f0be5d045f4f2ba91edebeaa4605f9fe,retro_frozen,2026-07-22T02:57:27Z
2026-07-17,2026-07-20,AAPL,0.85,330.4591601,337.8891522,334.1741561,111.3140806,normal,3,1,7b86d17a76912aa0b9a35c1dda953786f0be5d045f4f2ba91edebeaa4605f9fe,retro_frozen,2026-07-22T02:57:27Z
2026-07-17,2026-07-20,AAPL,0.95,327.7048319,340.6434804,334.1741561,193.8432445,normal,3,1,7b86d17a76912aa0b9a35c1dda953786f0be5d045f4f2ba91edebeaa4605f9fe,retro_frozen,2026-07-22T02:57:27Z
2026-07-17,2026-07-20,AAPL,0.99,324.0056779,344.3426344,334.1741561,304.6826444,normal,3,1,7b86d17a76912aa0b9a35c1dda953786f0be5d045f4f2ba91edebeaa4605f9fe,retro_frozen,2026-07-22T02:57:27Z
2026-07-17,2026-07-20,GLD,0.68,363.1462354,369.388018,366.2671267,84.71244782,normal,3,1,7b86d17a76912aa0b9a35c1dda953786f0be5d045f4f2ba91edebeaa4605f9fe,retro_frozen,2026-07-22T02:57:27Z
2026-07-17,2026-07-20,GLD,0.85,361.3671774,371.167076,366.2671267,133.0026123,normal,3,1,7b86d17a76912aa0b9a35c1dda953786f0be5d045f4f2ba91edebeaa4605f9fe,retro_frozen,2026-07-22T02:57:27Z
2026-07-17,2026-07-20,GLD,0.95,357.7343152,374.7999382,366.2671267,231.6118299,normal,3,1,7b86d17a76912aa0b9a35c1dda953786f0be5d045f4f2ba91edebeaa4605f9fe,retro_frozen,2026-07-22T02:57:27Z
2026-07-17,2026-07-20,GLD,0.99,352.8552609,379.6789924,366.2671267,364.0472743,normal,3,1,7b86d17a76912aa0b9a35c1dda953786f0be5d045f4f2ba91edebeaa4605f9fe,retro_frozen,2026-07-22T02:57:27Z
2026-07-17,2026-07-20,GOOGL,0.68,344.2379851,350.2042265,347.2211058,86.02591873,normal,3,1,7b86d17a76912aa0b9a35c1dda953786f0be5d045f4f2ba91edebeaa4605f9fe,retro_frozen,2026-07-22T02:57:27Z
2026-07-17,2026-07-20,GOOGL,0.85,342.537463,351.9047486,347.2211058,135.0648247,normal,3,1,7b86d17a76912aa0b9a35c1dda953786f0be5d045f4f2ba91edebeaa4605f9fe,retro_frozen,2026-07-22T02:57:27Z
2026-07-17,2026-07-20,GOOGL,0.95,339.0649722,355.3772394,347.2211058,235.2029833,normal,3,1,7b86d17a76912aa0b9a35c1dda953786f0be5d045f4f2ba91edebeaa4605f9fe,retro_frozen,2026-07-22T02:57:27Z
2026-07-17,2026-07-20,GOOGL,0.99,334.401302,360.0409095,347.2211058,369.6918462,normal,3,1,7b86d17a76912aa0b9a35c1dda953786f0be5d045f4f2ba91edebeaa4605f9fe,retro_frozen,2026-07-22T02:57:27Z
2026-07-17,2026-07-20,HOOD,0.68,98.3641372,101.815939,100.0900381,172.6591568,normal,3,1,7b86d17a76912aa0b9a35c1dda953786f0be5d045f4f2ba91edebeaa4605f9fe,retro_frozen,2026-07-22T02:57:27Z
2026-07-17,2026-07-20,HOOD,0.85,97.38029077,102.7997855,100.0900381,271.08317,normal,3,1,7b86d17a76912aa0b9a35c1dda953786f0be5d045f4f2ba91edebeaa4605f9fe,retro_frozen,2026-07-22T02:57:27Z
2026-07-17,2026-07-20,HOOD,0.95,95.37126207,104.8088142,100.0900381,472.066435,normal,3,1,7b86d17a76912aa0b9a35c1dda953786f0be5d045f4f2ba91edebeaa4605f9fe,retro_frozen,2026-07-22T02:57:27Z
2026-07-17,2026-07-20,HOOD,0.99,92.67307,107.5070062,100.0900381,741.9936152,normal,3,1,7b86d17a76912aa0b9a35c1dda953786f0be5d045f4f2ba91edebeaa4605f9fe,retro_frozen,2026-07-22T02:57:27Z
2026-07-17,2026-07-20,MSTR,0.68,92.76218312,98.62761972,95.69490142,309.1953982,normal,3,1,7b86d17a76912aa0b9a35c1dda953786f0be5d045f4f2ba91edebeaa4605f9fe,retro_frozen,2026-07-22T02:57:27Z
2026-07-17,2026-07-20,MSTR,0.85,91.09039281,100.29941,95.69490142,485.4516277,normal,3,1,7b86d17a76912aa0b9a35c1dda953786f0be5d045f4f2ba91edebeaa4605f9fe,retro_frozen,2026-07-22T02:57:27Z
2026-07-17,2026-07-20,MSTR,0.95,87.6765727,103.7132301,95.69490142,845.3694091,normal,3,1,7b86d17a76912aa0b9a35c1dda953786f0be5d045f4f2ba91edebeaa4605f9fe,retro_frozen,2026-07-22T02:57:27Z
2026-07-17,2026-07-20,MSTR,0.99,83.09169926,108.2981036,95.69490142,1328.750908,normal,3,1,7b86d17a76912aa0b9a35c1dda953786f0be5d045f4f2ba91edebeaa4605f9fe,retro_frozen,2026-07-22T02:57:27Z
2026-07-17,2026-07-20,NVDA,0.68,201.0928131,205.0548573,203.0738352,97.67871981,normal,3,1,7b86d17a76912aa0b9a35c1dda953786f0be5d045f4f2ba91edebeaa4605f9fe,retro_frozen,2026-07-22T02:57:27Z
2026-07-17,2026-07-20,NVDA,0.85,199.9635354,206.1841351,203.0738352,153.3602822,normal,3,1,7b86d17a76912aa0b9a35c1dda953786f0be5d045f4f2ba91edebeaa4605f9fe,retro_frozen,2026-07-22T02:57:27Z
2026-07-17,2026-07-20,NVDA,0.95,197.6575338,208.4901367,203.0738352,267.0628416,normal,3,1,7b86d17a76912aa0b9a35c1dda953786f0be5d045f4f2ba91edebeaa4605f9fe,retro_frozen,2026-07-22T02:57:27Z
2026-07-17,2026-07-20,NVDA,0.99,194.5604973,211.5871731,203.0738352,419.769144,normal,3,1,7b86d17a76912aa0b9a35c1dda953786f0be5d045f4f2ba91edebeaa4605f9fe,retro_frozen,2026-07-22T02:57:27Z
2026-07-17,2026-07-20,QQQ,0.68,691.5849224,700.8842362,696.2345793,66.86978584,normal,3,1,7b86d17a76912aa0b9a35c1dda953786f0be5d045f4f2ba91edebeaa4605f9fe,retro_frozen,2026-07-22T02:57:27Z
2026-07-17,2026-07-20,QQQ,0.85,688.9343946,703.534764,696.2345793,104.9887759,normal,3,1,7b86d17a76912aa0b9a35c1dda953786f0be5d045f4f2ba91edebeaa4605f9fe,retro_frozen,2026-07-22T02:57:27Z
2026-07-17,2026-07-20,QQQ,0.95,683.5219783,708.9471803,696.2345793,182.8283075,normal,3,1,7b86d17a76912aa0b9a35c1dda953786f0be5d045f4f2ba91edebeaa4605f9fe,retro_frozen,2026-07-22T02:57:27Z
2026-07-17,2026-07-20,QQQ,0.99,676.252924,716.2162346,696.2345793,287.369376,normal,3,1,7b86d17a76912aa0b9a35c1dda953786f0be5d045f4f2ba91edebeaa4605f9fe,retro_frozen,2026-07-22T02:57:27Z
2026-07-17,2026-07-20,SPY,0.68,740.5763952,747.9374685,744.2569319,49.51683428,normal,3,1,7b86d17a76912aa0b9a35c1dda953786f0be5d045f4f2ba91edebeaa4605f9fe,retro_frozen,2026-07-22T02:57:27Z
2026-07-17,2026-07-20,SPY,0.85,738.4783125,750.0355512,744.2569319,77.7438084,normal,3,1,7b86d17a76912aa0b9a35c1dda953786f0be5d045f4f2ba91edebeaa4605f9fe,retro_frozen,2026-07-22T02:57:27Z
2026-07-17,2026-07-20,SPY,0.95,734.1939971,754.3198666,744.2569319,135.3836997,normal,3,1,7b86d17a76912aa0b9a35c1dda953786f0be5d045f4f2ba91edebeaa4605f9fe,retro_frozen,2026-07-22T02:57:27Z
2026-07-17,2026-07-20,SPY,0.99,728.4400198,760.073844,744.2569319,212.7959824,normal,3,1,7b86d17a76912aa0b9a35c1dda953786f0be5d045f4f2ba91edebeaa4605f9fe,retro_frozen,2026-07-22T02:57:27Z
2026-07-17,2026-07-20,TLT,0.68,84.10883677,84.68932534,84.39908105,34.34030925,normal,3,1,7b86d17a76912aa0b9a35c1dda953786f0be5d045f4f2ba91edebeaa4605f9fe,retro_frozen,2026-07-22T02:57:27Z
2026-07-17,2026-07-20,TLT,0.85,83.94338359,84.85477852,84.39908105,53.91593509,normal,3,1,7b86d17a76912aa0b9a35c1dda953786f0be5d045f4f2ba91edebeaa4605f9fe,retro_frozen,2026-07-22T02:57:27Z
2026-07-17,2026-07-20,TLT,0.95,83.60552579,85.19263632,84.39908105,93.88964748,normal,3,1,7b86d17a76912aa0b9a35c1dda953786f0be5d045f4f2ba91edebeaa4605f9fe,retro_frozen,2026-07-22T02:57:27Z
2026-07-17,2026-07-20,TLT,0.99,83.15177157,85.64639054,84.39908105,147.5756669,normal,3,1,7b86d17a76912aa0b9a35c1dda953786f0be5d045f4f2ba91edebeaa4605f9fe,retro_frozen,2026-07-22T02:57:27Z
2026-07-17,2026-07-20,TSLA,0.68,377.8115505,384.8593198,381.3354351,92.52926814,normal,3,1,7b86d17a76912aa0b9a35c1dda953786f0be5d045f4f2ba91edebeaa4605f9fe,retro_frozen,2026-07-22T02:57:27Z
2026-07-17,2026-07-20,TSLA,0.85,375.802767,386.8681033,381.3354351,145.2753957,normal,3,1,7b86d17a76912aa0b9a35c1dda953786f0be5d045f4f2ba91edebeaa4605f9fe,retro_frozen,2026-07-22T02:57:27Z
2026-07-17,2026-07-20,TSLA,0.95,371.7008019,390.9700684,381.3354351,252.9837546,normal,3,1,7b86d17a76912aa0b9a35c1dda953786f0be5d045f4f2ba91edebeaa4605f9fe,retro_frozen,2026-07-22T02:57:27Z
2026-07-17,2026-07-20,TSLA,0.99,366.191727,396.4791433,381.3354351,397.6396472,normal,3,1,7b86d17a76912aa0b9a35c1dda953786f0be5d045f4f2ba91edebeaa4605f9fe,retro_frozen,2026-07-22T02:57:27Z
