weekend_date,mon_date,symbol,tau,fri_close,sigma_hat,regime_code,half_width_bps,half_width_abs,forecaster_code,profile_code,artefact_sha256,computed_ts
2026-07-24,2026-07-27,AAPL,0.68,333.019989,0.008796036426,normal,68.32121024,2.275232868,3,1,7b86d17a76912aa0b9a35c1dda953786f0be5d045f4f2ba91edebeaa4605f9fe,2026-07-26T01:36:22Z
2026-07-24,2026-07-27,AAPL,0.85,333.019989,0.008796036426,normal,107.2675819,3.572224896,3,1,7b86d17a76912aa0b9a35c1dda953786f0be5d045f4f2ba91edebeaa4605f9fe,2026-07-26T01:36:22Z
2026-07-24,2026-07-27,AAPL,0.95,333.019989,0.008796036426,normal,186.7966388,6.220701462,3,1,7b86d17a76912aa0b9a35c1dda953786f0be5d045f4f2ba91edebeaa4605f9fe,2026-07-26T01:36:22Z
2026-07-24,2026-07-27,AAPL,0.99,333.019989,0.008796036426,normal,293.6067958,9.77769319,3,1,7b86d17a76912aa0b9a35c1dda953786f0be5d045f4f2ba91edebeaa4605f9fe,2026-07-26T01:36:22Z
2026-07-24,2026-07-27,GLD,0.68,371.8999939,0.01051049995,normal,81.63791534,3.036114022,3,1,7b86d17a76912aa0b9a35c1dda953786f0be5d045f4f2ba91edebeaa4605f9fe,2026-07-26T01:36:22Z
2026-07-24,2026-07-27,GLD,0.85,371.8999939,0.01051049995,normal,128.1754486,4.766844857,3,1,7b86d17a76912aa0b9a35c1dda953786f0be5d045f4f2ba91edebeaa4605f9fe,2026-07-26T01:36:22Z
2026-07-24,2026-07-27,GLD,0.95,371.8999939,0.01051049995,normal,223.2057678,8.301022369,3,1,7b86d17a76912aa0b9a35c1dda953786f0be5d045f4f2ba91edebeaa4605f9fe,2026-07-26T01:36:22Z
2026-07-24,2026-07-27,GLD,0.99,371.8999939,0.01051049995,normal,350.8346332,13.0475398,3,1,7b86d17a76912aa0b9a35c1dda953786f0be5d045f4f2ba91edebeaa4605f9fe,2026-07-26T01:36:22Z
2026-07-24,2026-07-27,GOOGL,0.68,319.7399902,0.01109684017,normal,86.19217951,2.755908663,3,1,7b86d17a76912aa0b9a35c1dda953786f0be5d045f4f2ba91edebeaa4605f9fe,2026-07-26T01:36:22Z
2026-07-24,2026-07-27,GOOGL,0.85,319.7399902,0.01109684017,normal,135.3258622,4.326908984,3,1,7b86d17a76912aa0b9a35c1dda953786f0be5d045f4f2ba91edebeaa4605f9fe,2026-07-26T01:36:22Z
2026-07-24,2026-07-27,GOOGL,0.95,319.7399902,0.01109684017,normal,235.657556,7.534914465,3,1,7b86d17a76912aa0b9a35c1dda953786f0be5d045f4f2ba91edebeaa4605f9fe,2026-07-26T01:36:22Z
2026-07-24,2026-07-27,GOOGL,0.99,319.7399902,0.01109684017,normal,370.4063432,11.84337205,3,1,7b86d17a76912aa0b9a35c1dda953786f0be5d045f4f2ba91edebeaa4605f9fe,2026-07-26T01:36:22Z
2026-07-24,2026-07-27,HOOD,0.68,94.91000366,0.022303607,normal,173.2381893,1.644203718,3,1,7b86d17a76912aa0b9a35c1dda953786f0be5d045f4f2ba91edebeaa4605f9fe,2026-07-26T01:36:22Z
2026-07-24,2026-07-27,HOOD,0.85,94.91000366,0.022303607,normal,271.9922788,2.581478818,3,1,7b86d17a76912aa0b9a35c1dda953786f0be5d045f4f2ba91edebeaa4605f9fe,2026-07-26T01:36:22Z
2026-07-24,2026-07-27,HOOD,0.95,94.91000366,0.022303607,normal,473.6495645,4.49540819,3,1,7b86d17a76912aa0b9a35c1dda953786f0be5d045f4f2ba91edebeaa4605f9fe,2026-07-26T01:36:22Z
2026-07-24,2026-07-27,HOOD,0.99,94.91000366,0.022303607,normal,744.4819767,7.065878714,3,1,7b86d17a76912aa0b9a35c1dda953786f0be5d045f4f2ba91edebeaa4605f9fe,2026-07-26T01:36:22Z
2026-07-24,2026-07-27,MSTR,0.68,91.66999817,0.03811752574,normal,296.0692025,2.714066325,3,1,7b86d17a76912aa0b9a35c1dda953786f0be5d045f4f2ba91edebeaa4605f9fe,2026-07-26T01:36:22Z
2026-07-24,2026-07-27,MSTR,0.85,91.66999817,0.03811752574,normal,464.8428699,4.261214503,3,1,7b86d17a76912aa0b9a35c1dda953786f0be5d045f4f2ba91edebeaa4605f9fe,2026-07-26T01:36:22Z
2026-07-24,2026-07-27,MSTR,0.95,91.66999817,0.03811752574,normal,809.4811509,7.420513562,3,1,7b86d17a76912aa0b9a35c1dda953786f0be5d045f4f2ba91edebeaa4605f9fe,2026-07-26T01:36:22Z
2026-07-24,2026-07-27,MSTR,0.99,91.66999817,0.03811752574,normal,1272.341775,11.66355681,3,1,7b86d17a76912aa0b9a35c1dda953786f0be5d045f4f2ba91edebeaa4605f9fe,2026-07-26T01:36:22Z
2026-07-24,2026-07-27,NVDA,0.68,206.8399963,0.01275788775,normal,99.09398835,2.049660019,3,1,7b86d17a76912aa0b9a35c1dda953786f0be5d045f4f2ba91edebeaa4605f9fe,2026-07-26T01:36:22Z
2026-07-24,2026-07-27,NVDA,0.85,206.8399963,0.01275788775,normal,155.5823218,3.218064687,3,1,7b86d17a76912aa0b9a35c1dda953786f0be5d045f4f2ba91edebeaa4605f9fe,2026-07-26T01:36:22Z
2026-07-24,2026-07-27,NVDA,0.95,206.8399963,0.01275788775,normal,270.9323194,5.603963995,3,1,7b86d17a76912aa0b9a35c1dda953786f0be5d045f4f2ba91edebeaa4605f9fe,2026-07-26T01:36:22Z
2026-07-24,2026-07-27,NVDA,0.99,206.8399963,0.01275788775,normal,425.8511859,8.808305772,3,1,7b86d17a76912aa0b9a35c1dda953786f0be5d045f4f2ba91edebeaa4605f9fe,2026-07-26T01:36:22Z
2026-07-24,2026-07-27,QQQ,0.68,684.2299805,0.008613880093,normal,66.9063524,4.57793322,3,1,7b86d17a76912aa0b9a35c1dda953786f0be5d045f4f2ba91edebeaa4605f9fe,2026-07-26T01:36:22Z
2026-07-24,2026-07-27,QQQ,0.85,684.2299805,0.008613880093,normal,105.0461872,7.18757506,3,1,7b86d17a76912aa0b9a35c1dda953786f0be5d045f4f2ba91edebeaa4605f9fe,2026-07-26T01:36:22Z
2026-07-24,2026-07-27,QQQ,0.95,684.2299805,0.008613880093,normal,182.9282839,12.51650161,3,1,7b86d17a76912aa0b9a35c1dda953786f0be5d045f4f2ba91edebeaa4605f9fe,2026-07-26T01:36:22Z
2026-07-24,2026-07-27,QQQ,0.99,684.2299805,0.008613880093,normal,287.5265189,19.67342644,3,1,7b86d17a76912aa0b9a35c1dda953786f0be5d045f4f2ba91edebeaa4605f9fe,2026-07-26T01:36:22Z
2026-07-24,2026-07-27,SPY,0.68,738.9299927,0.006200209343,normal,48.15871439,3.558591847,3,1,7b86d17a76912aa0b9a35c1dda953786f0be5d045f4f2ba91edebeaa4605f9fe,2026-07-26T01:36:22Z
2026-07-24,2026-07-27,SPY,0.85,738.9299927,0.006200209343,normal,75.61149495,5.587160141,3,1,7b86d17a76912aa0b9a35c1dda953786f0be5d045f4f2ba91edebeaa4605f9fe,2026-07-26T01:36:22Z
2026-07-24,2026-07-27,SPY,0.95,738.9299927,0.006200209343,normal,131.6704717,9.72952607,3,1,7b86d17a76912aa0b9a35c1dda953786f0be5d045f4f2ba91edebeaa4605f9fe,2026-07-26T01:36:22Z
2026-07-24,2026-07-27,SPY,0.99,738.9299927,0.006200209343,normal,206.9595338,15.29286068,3,1,7b86d17a76912aa0b9a35c1dda953786f0be5d045f4f2ba91edebeaa4605f9fe,2026-07-26T01:36:22Z
2026-07-24,2026-07-27,TLT,0.68,83.25,0.004246667838,normal,32.98502554,0.2746003376,3,1,7b86d17a76912aa0b9a35c1dda953786f0be5d045f4f2ba91edebeaa4605f9fe,2026-07-26T01:36:22Z
2026-07-24,2026-07-27,TLT,0.85,83.25,0.004246667838,normal,51.78807457,0.4311357208,3,1,7b86d17a76912aa0b9a35c1dda953786f0be5d045f4f2ba91edebeaa4605f9fe,2026-07-26T01:36:22Z
2026-07-24,2026-07-27,TLT,0.95,83.25,0.004246667838,normal,90.18417387,0.7507832475,3,1,7b86d17a76912aa0b9a35c1dda953786f0be5d045f4f2ba91edebeaa4605f9fe,2026-07-26T01:36:22Z
2026-07-24,2026-07-27,TLT,0.99,83.25,0.004246667838,normal,141.7514067,1.180080461,3,1,7b86d17a76912aa0b9a35c1dda953786f0be5d045f4f2ba91edebeaa4605f9fe,2026-07-26T01:36:22Z
2026-07-24,2026-07-27,TSLA,0.68,313.0299988,0.01196088064,normal,92.90341712,2.908155655,3,1,7b86d17a76912aa0b9a35c1dda953786f0be5d045f4f2ba91edebeaa4605f9fe,2026-07-26T01:36:22Z
2026-07-24,2026-07-27,TSLA,0.85,313.0299988,0.01196088064,normal,145.8628276,4.565944074,3,1,7b86d17a76912aa0b9a35c1dda953786f0be5d045f4f2ba91edebeaa4605f9fe,2026-07-26T01:36:22Z
2026-07-24,2026-07-27,TSLA,0.95,313.0299988,0.01196088064,normal,254.0067132,7.951172113,3,1,7b86d17a76912aa0b9a35c1dda953786f0be5d045f4f2ba91edebeaa4605f9fe,2026-07-26T01:36:22Z
2026-07-24,2026-07-27,TSLA,0.99,313.0299988,0.01196088064,normal,399.2475327,12.49764547,3,1,7b86d17a76912aa0b9a35c1dda953786f0be5d045f4f2ba91edebeaa4605f9fe,2026-07-26T01:36:22Z
2026-07-31,2026-08-03,AAPL,0.68,308.9100037,0.008477572154,normal,65.84761152,2.034098591,3,1,7b86d17a76912aa0b9a35c1dda953786f0be5d045f4f2ba91edebeaa4605f9fe,2026-08-01T23:30:04Z
2026-07-31,2026-08-03,AAPL,0.85,308.9100037,0.008477572154,normal,103.3839131,3.193632498,3,1,7b86d17a76912aa0b9a35c1dda953786f0be5d045f4f2ba91edebeaa4605f9fe,2026-08-01T23:30:04Z
2026-07-31,2026-08-03,AAPL,0.95,308.9100037,0.008477572154,normal,180.0335864,5.561417584,3,1,7b86d17a76912aa0b9a35c1dda953786f0be5d045f4f2ba91edebeaa4605f9fe,2026-08-01T23:30:04Z
2026-07-31,2026-08-03,AAPL,0.99,308.9100037,0.008477572154,normal,282.9766358,8.741431359,3,1,7b86d17a76912aa0b9a35c1dda953786f0be5d045f4f2ba91edebeaa4605f9fe,2026-08-01T23:30:04Z
2026-07-31,2026-08-03,GLD,0.68,371.5400085,0.01016176632,normal,78.92920622,2.932535795,3,1,7b86d17a76912aa0b9a35c1dda953786f0be5d045f4f2ba91edebeaa4605f9fe,2026-08-01T23:30:04Z
2026-07-31,2026-08-03,GLD,0.85,371.5400085,0.01016176632,normal,123.9226452,4.604222066,3,1,7b86d17a76912aa0b9a35c1dda953786f0be5d045f4f2ba91edebeaa4605f9fe,2026-08-01T23:30:04Z
2026-07-31,2026-08-03,GLD,0.95,371.5400085,0.01016176632,normal,215.7999013,8.017829719,3,1,7b86d17a76912aa0b9a35c1dda953786f0be5d045f4f2ba91edebeaa4605f9fe,2026-08-01T23:30:04Z
2026-07-31,2026-08-03,GLD,0.99,371.5400085,0.01016176632,normal,339.1940987,12.60241783,3,1,7b86d17a76912aa0b9a35c1dda953786f0be5d045f4f2ba91edebeaa4605f9fe,2026-08-01T23:30:04Z
2026-07-31,2026-08-03,GOOGL,0.68,356.1300049,0.01084752819,normal,84.25570541,3.000598478,3,1,7b86d17a76912aa0b9a35c1dda953786f0be5d045f4f2ba91edebeaa4605f9fe,2026-08-01T23:30:04Z
2026-07-31,2026-08-03,GOOGL,0.85,356.1300049,0.01084752819,normal,132.2855048,4.711083747,3,1,7b86d17a76912aa0b9a35c1dda953786f0be5d045f4f2ba91edebeaa4605f9fe,2026-08-01T23:30:04Z
2026-07-31,2026-08-03,GOOGL,0.95,356.1300049,0.01084752819,normal,230.363053,8.203919519,3,1,7b86d17a76912aa0b9a35c1dda953786f0be5d045f4f2ba91edebeaa4605f9fe,2026-08-01T23:30:04Z
2026-07-31,2026-08-03,GOOGL,0.99,356.1300049,0.01084752819,normal,362.0844479,12.89491362,3,1,7b86d17a76912aa0b9a35c1dda953786f0be5d045f4f2ba91edebeaa4605f9fe,2026-08-01T23:30:04Z
2026-07-31,2026-08-03,HOOD,0.68,86.55999756,0.02168329971,normal,168.4200936,1.457844289,3,1,7b86d17a76912aa0b9a35c1dda953786f0be5d045f4f2ba91edebeaa4605f9fe,2026-08-01T23:30:04Z
2026-07-31,2026-08-03,HOOD,0.85,86.55999756,0.02168329971,normal,264.4276371,2.288885562,3,1,7b86d17a76912aa0b9a35c1dda953786f0be5d045f4f2ba91edebeaa4605f9fe,2026-08-01T23:30:04Z
2026-07-31,2026-08-03,HOOD,0.95,86.55999756,0.02168329971,normal,460.476436,3.985883917,3,1,7b86d17a76912aa0b9a35c1dda953786f0be5d045f4f2ba91edebeaa4605f9fe,2026-08-01T23:30:04Z
2026-07-31,2026-08-03,HOOD,0.99,86.55999756,0.02168329971,normal,723.7764647,6.265008902,3,1,7b86d17a76912aa0b9a35c1dda953786f0be5d045f4f2ba91edebeaa4605f9fe,2026-08-01T23:30:04Z
2026-07-31,2026-08-03,MSTR,0.68,93.27999878,0.03665504359,normal,284.7097054,2.655772097,3,1,7b86d17a76912aa0b9a35c1dda953786f0be5d045f4f2ba91edebeaa4605f9fe,2026-08-01T23:30:04Z
2026-07-31,2026-08-03,MSTR,0.85,93.27999878,0.03665504359,normal,447.0079138,4.169689765,3,1,7b86d17a76912aa0b9a35c1dda953786f0be5d045f4f2ba91edebeaa4605f9fe,2026-08-01T23:30:04Z
2026-07-31,2026-08-03,MSTR,0.95,93.27999878,0.03665504359,normal,778.4232134,7.26113164,3,1,7b86d17a76912aa0b9a35c1dda953786f0be5d045f4f2ba91edebeaa4605f9fe,2026-08-01T23:30:04Z
2026-07-31,2026-08-03,MSTR,0.99,93.27999878,0.03665504359,normal,1223.524935,11.41304045,3,1,7b86d17a76912aa0b9a35c1dda953786f0be5d045f4f2ba91edebeaa4605f9fe,2026-08-01T23:30:04Z
2026-07-31,2026-08-03,NVDA,0.68,200.75,0.01224342704,normal,95.09803196,1.909092992,3,1,7b86d17a76912aa0b9a35c1dda953786f0be5d045f4f2ba91edebeaa4605f9fe,2026-08-01T23:30:04Z
2026-07-31,2026-08-03,NVDA,0.85,200.75,0.01224342704,normal,149.3084783,2.997367702,3,1,7b86d17a76912aa0b9a35c1dda953786f0be5d045f4f2ba91edebeaa4605f9fe,2026-08-01T23:30:04Z
2026-07-31,2026-08-03,NVDA,0.95,200.75,0.01224342704,normal,260.0069974,5.219640472,3,1,7b86d17a76912aa0b9a35c1dda953786f0be5d045f4f2ba91edebeaa4605f9fe,2026-08-01T23:30:04Z
2026-07-31,2026-08-03,NVDA,0.99,200.75,0.01224342704,normal,408.6787741,8.204226391,3,1,7b86d17a76912aa0b9a35c1dda953786f0be5d045f4f2ba91edebeaa4605f9fe,2026-08-01T23:30:04Z
2026-07-31,2026-08-03,QQQ,0.68,687.9899902,0.008266813031,normal,64.21058802,4.417624182,3,1,7b86d17a76912aa0b9a35c1dda953786f0be5d045f4f2ba91edebeaa4605f9fe,2026-08-01T23:30:04Z
2026-07-31,2026-08-03,QQQ,0.85,687.9899902,0.008266813031,normal,100.8137076,6.935882171,3,1,7b86d17a76912aa0b9a35c1dda953786f0be5d045f4f2ba91edebeaa4605f9fe,2026-08-01T23:30:04Z
2026-07-31,2026-08-03,QQQ,0.95,687.9899902,0.008266813031,normal,175.5578096,12.07820157,3,1,7b86d17a76912aa0b9a35c1dda953786f0be5d045f4f2ba91edebeaa4605f9fe,2026-08-01T23:30:04Z
2026-07-31,2026-08-03,QQQ,0.99,687.9899902,0.008266813031,normal,275.9416137,18.98450681,3,1,7b86d17a76912aa0b9a35c1dda953786f0be5d045f4f2ba91edebeaa4605f9fe,2026-08-01T23:30:04Z
2026-07-31,2026-08-03,SPY,0.68,747.0300293,0.00594243063,normal,46.15647693,3.448027431,3,1,7b86d17a76912aa0b9a35c1dda953786f0be5d045f4f2ba91edebeaa4605f9fe,2026-08-01T23:30:04Z
2026-07-31,2026-08-03,SPY,0.85,747.0300293,0.00594243063,normal,72.46788595,5.413568697,3,1,7b86d17a76912aa0b9a35c1dda953786f0be5d045f4f2ba91edebeaa4605f9fe,2026-08-01T23:30:04Z
2026-07-31,2026-08-03,SPY,0.95,747.0300293,0.00594243063,normal,126.1961655,9.427232518,3,1,7b86d17a76912aa0b9a35c1dda953786f0be5d045f4f2ba91edebeaa4605f9fe,2026-08-01T23:30:04Z
2026-07-31,2026-08-03,SPY,0.99,747.0300293,0.00594243063,normal,198.355024,14.81771594,3,1,7b86d17a76912aa0b9a35c1dda953786f0be5d045f4f2ba91edebeaa4605f9fe,2026-08-01T23:30:04Z
2026-07-31,2026-08-03,TLT,0.68,82.25,0.004158745189,normal,32.30210638,0.265684825,3,1,7b86d17a76912aa0b9a35c1dda953786f0be5d045f4f2ba91edebeaa4605f9fe,2026-08-01T23:30:04Z
2026-07-31,2026-08-03,TLT,0.85,82.25,0.004158745189,normal,50.71585869,0.4171379377,3,1,7b86d17a76912aa0b9a35c1dda953786f0be5d045f4f2ba91edebeaa4605f9fe,2026-08-01T23:30:04Z
2026-07-31,2026-08-03,TLT,0.95,82.25,0.004158745189,normal,88.31700842,0.7264073943,3,1,7b86d17a76912aa0b9a35c1dda953786f0be5d045f4f2ba91edebeaa4605f9fe,2026-08-01T23:30:04Z
2026-07-31,2026-08-03,TLT,0.99,82.25,0.004158745189,normal,138.8165976,1.141766516,3,1,7b86d17a76912aa0b9a35c1dda953786f0be5d045f4f2ba91edebeaa4605f9fe,2026-08-01T23:30:04Z
2026-07-31,2026-08-03,TSLA,0.68,311.2099915,0.01170369073,normal,90.90575304,2.829077863,3,1,7b86d17a76912aa0b9a35c1dda953786f0be5d045f4f2ba91edebeaa4605f9fe,2026-08-01T23:30:04Z
2026-07-31,2026-08-03,TSLA,0.85,311.2099915,0.01170369073,normal,142.726399,4.441788142,3,1,7b86d17a76912aa0b9a35c1dda953786f0be5d045f4f2ba91edebeaa4605f9fe,2026-08-01T23:30:04Z
2026-07-31,2026-08-03,TSLA,0.95,311.2099915,0.01170369073,normal,248.544911,7.734965963,3,1,7b86d17a76912aa0b9a35c1dda953786f0be5d045f4f2ba91edebeaa4605f9fe,2026-08-01T23:30:04Z
2026-07-31,2026-08-03,TSLA,0.99,311.2099915,0.01170369073,normal,390.6626767,12.15781283,3,1,7b86d17a76912aa0b9a35c1dda953786f0be5d045f4f2ba91edebeaa4605f9fe,2026-08-01T23:30:04Z
2026-08-07,2026-08-10,AAPL,0.68,313.3299866,0.008196324392,normal,63.66308356,1.994755312,3,1,7b86d17a76912aa0b9a35c1dda953786f0be5d045f4f2ba91edebeaa4605f9fe,2026-08-08T23:30:04Z
2026-08-07,2026-08-10,AAPL,0.85,313.3299866,0.008196324392,normal,99.95409931,3.131861659,3,1,7b86d17a76912aa0b9a35c1dda953786f0be5d045f4f2ba91edebeaa4605f9fe,2026-08-08T23:30:04Z
2026-08-07,2026-08-10,AAPL,0.95,313.3299866,0.008196324392,normal,174.0608807,5.453849343,3,1,7b86d17a76912aa0b9a35c1dda953786f0be5d045f4f2ba91edebeaa4605f9fe,2026-08-08T23:30:04Z
2026-08-07,2026-08-10,AAPL,0.99,313.3299866,0.008196324392,normal,273.5887422,8.572355691,3,1,7b86d17a76912aa0b9a35c1dda953786f0be5d045f4f2ba91edebeaa4605f9fe,2026-08-08T23:30:04Z
2026-08-07,2026-08-10,GLD,0.68,398.4700012,0.010294619,normal,79.96110921,3.186210328,3,1,7b86d17a76912aa0b9a35c1dda953786f0be5d045f4f2ba91edebeaa4605f9fe,2026-08-08T23:30:04Z
2026-08-07,2026-08-10,GLD,0.85,398.4700012,0.010294619,normal,125.5427825,5.002503268,3,1,7b86d17a76912aa0b9a35c1dda953786f0be5d045f4f2ba91edebeaa4605f9fe,2026-08-08T23:30:04Z
2026-08-07,2026-08-10,GLD,0.95,398.4700012,0.010294619,normal,218.6212215,8.711399841,3,1,7b86d17a76912aa0b9a35c1dda953786f0be5d045f4f2ba91edebeaa4605f9fe,2026-08-08T23:30:04Z
2026-08-07,2026-08-10,GLD,0.99,398.4700012,0.010294619,normal,343.6286473,13.69257075,3,1,7b86d17a76912aa0b9a35c1dda953786f0be5d045f4f2ba91edebeaa4605f9fe,2026-08-08T23:30:04Z
2026-08-07,2026-08-10,GOOGL,0.68,354.2999878,0.01176835726,normal,91.40803561,3.23858659,3,1,7b86d17a76912aa0b9a35c1dda953786f0be5d045f4f2ba91edebeaa4605f9fe,2026-08-08T23:30:04Z
2026-08-07,2026-08-10,GOOGL,0.85,354.2999878,0.01176835726,normal,143.5150068,5.084736515,3,1,7b86d17a76912aa0b9a35c1dda953786f0be5d045f4f2ba91edebeaa4605f9fe,2026-08-08T23:30:04Z
2026-08-07,2026-08-10,GOOGL,0.95,354.2999878,0.01176835726,normal,249.918199,8.854601485,3,1,7b86d17a76912aa0b9a35c1dda953786f0be5d045f4f2ba91edebeaa4605f9fe,2026-08-08T23:30:04Z
2026-08-07,2026-08-10,GOOGL,0.99,354.2999878,0.01176835726,normal,392.8212095,13.91765497,3,1,7b86d17a76912aa0b9a35c1dda953786f0be5d045f4f2ba91edebeaa4605f9fe,2026-08-08T23:30:04Z
2026-08-07,2026-08-10,HOOD,0.68,93.29000092,0.02084363348,normal,161.8981773,1.510348111,3,1,7b86d17a76912aa0b9a35c1dda953786f0be5d045f4f2ba91edebeaa4605f9fe,2026-08-08T23:30:04Z
2026-08-07,2026-08-10,HOOD,0.85,93.29000092,0.02084363348,normal,254.1879153,2.371319085,3,1,7b86d17a76912aa0b9a35c1dda953786f0be5d045f4f2ba91edebeaa4605f9fe,2026-08-08T23:30:04Z
2026-08-07,2026-08-10,HOOD,0.95,93.29000092,0.02084363348,normal,442.6449012,4.129434324,3,1,7b86d17a76912aa0b9a35c1dda953786f0be5d045f4f2ba91edebeaa4605f9fe,2026-08-08T23:30:04Z
2026-08-07,2026-08-10,HOOD,0.99,93.29000092,0.02084363348,normal,695.7488738,6.490641308,3,1,7b86d17a76912aa0b9a35c1dda953786f0be5d045f4f2ba91edebeaa4605f9fe,2026-08-08T23:30:04Z
2026-08-07,2026-08-10,MSTR,0.68,100.0100021,0.03575798388,normal,277.7419983,2.777697785,3,1,7b86d17a76912aa0b9a35c1dda953786f0be5d045f4f2ba91edebeaa4605f9fe,2026-08-08T23:30:04Z
2026-08-07,2026-08-10,MSTR,0.85,100.0100021,0.03575798388,normal,436.068279,4.361118951,3,1,7b86d17a76912aa0b9a35c1dda953786f0be5d045f4f2ba91edebeaa4605f9fe,2026-08-08T23:30:04Z
2026-08-07,2026-08-10,MSTR,0.95,100.0100021,0.03575798388,normal,759.3728444,7.594487979,3,1,7b86d17a76912aa0b9a35c1dda953786f0be5d045f4f2ba91edebeaa4605f9fe,2026-08-08T23:30:04Z
2026-08-07,2026-08-10,MSTR,0.99,100.0100021,0.03575798388,normal,1193.581582,11.93700965,3,1,7b86d17a76912aa0b9a35c1dda953786f0be5d045f4f2ba91edebeaa4605f9fe,2026-08-08T23:30:04Z
2026-08-07,2026-08-10,NVDA,0.68,223.9600067,0.01325418471,normal,102.948862,2.305642783,3,1,7b86d17a76912aa0b9a35c1dda953786f0be5d045f4f2ba91edebeaa4605f9fe,2026-08-08T23:30:04Z
2026-08-07,2026-08-10,NVDA,0.85,223.9600067,0.01325418471,normal,161.6346586,3.619969923,3,1,7b86d17a76912aa0b9a35c1dda953786f0be5d045f4f2ba91edebeaa4605f9fe,2026-08-08T23:30:04Z
2026-08-07,2026-08-10,NVDA,0.95,223.9600067,0.01325418471,normal,281.4719079,6.303845039,3,1,7b86d17a76912aa0b9a35c1dda953786f0be5d045f4f2ba91edebeaa4605f9fe,2026-08-08T23:30:04Z
2026-08-07,2026-08-10,NVDA,0.99,223.9600067,0.01325418471,normal,442.417302,9.908378193,3,1,7b86d17a76912aa0b9a35c1dda953786f0be5d045f4f2ba91edebeaa4605f9fe,2026-08-08T23:30:04Z
2026-08-07,2026-08-10,QQQ,0.68,723.0300293,0.008095635178,normal,62.88100301,4.546485345,3,1,7b86d17a76912aa0b9a35c1dda953786f0be5d045f4f2ba91edebeaa4605f9fe,2026-08-08T23:30:04Z
2026-08-07,2026-08-10,QQQ,0.85,723.0300293,0.008095635178,normal,98.72619528,7.138200387,3,1,7b86d17a76912aa0b9a35c1dda953786f0be5d045f4f2ba91edebeaa4605f9fe,2026-08-08T23:30:04Z
2026-08-07,2026-08-10,QQQ,0.95,723.0300293,0.008095635178,normal,171.9225987,12.43052016,3,1,7b86d17a76912aa0b9a35c1dda953786f0be5d045f4f2ba91edebeaa4605f9fe,2026-08-08T23:30:04Z
2026-08-07,2026-08-10,QQQ,0.99,723.0300293,0.008095635178,normal,270.2277923,19.53828086,3,1,7b86d17a76912aa0b9a35c1dda953786f0be5d045f4f2ba91edebeaa4605f9fe,2026-08-08T23:30:04Z
2026-08-07,2026-08-10,SPY,0.68,773.2600098,0.005762926525,normal,44.76221967,3.461283442,3,1,7b86d17a76912aa0b9a35c1dda953786f0be5d045f4f2ba91edebeaa4605f9fe,2026-08-08T23:30:04Z
2026-08-07,2026-08-10,SPY,0.85,773.2600098,0.005762926525,normal,70.27883508,5.43438127,3,1,7b86d17a76912aa0b9a35c1dda953786f0be5d045f4f2ba91edebeaa4605f9fe,2026-08-08T23:30:04Z
2026-08-07,2026-08-10,SPY,0.95,773.2600098,0.005762926525,normal,122.3841345,9.463475702,3,1,7b86d17a76912aa0b9a35c1dda953786f0be5d045f4f2ba91edebeaa4605f9fe,2026-08-08T23:30:04Z
2026-08-07,2026-08-10,SPY,0.99,773.2600098,0.005762926525,normal,192.363277,14.87468294,3,1,7b86d17a76912aa0b9a35c1dda953786f0be5d045f4f2ba91edebeaa4605f9fe,2026-08-08T23:30:04Z
2026-08-07,2026-08-10,TLT,0.68,82.76000214,0.004044629596,normal,31.4157395,0.2599966668,3,1,7b86d17a76912aa0b9a35c1dda953786f0be5d045f4f2ba91edebeaa4605f9fe,2026-08-08T23:30:04Z
2026-08-07,2026-08-10,TLT,0.85,82.76000214,0.004044629596,normal,49.32422009,0.408207256,3,1,7b86d17a76912aa0b9a35c1dda953786f0be5d045f4f2ba91edebeaa4605f9fe,2026-08-08T23:30:04Z
2026-08-07,2026-08-10,TLT,0.95,82.76000214,0.004044629596,normal,85.89359768,0.7108554327,3,1,7b86d17a76912aa0b9a35c1dda953786f0be5d045f4f2ba91edebeaa4605f9fe,2026-08-08T23:30:04Z
2026-08-07,2026-08-10,TLT,0.99,82.76000214,0.004044629596,normal,135.0074827,1.117321956,3,1,7b86d17a76912aa0b9a35c1dda953786f0be5d045f4f2ba91edebeaa4605f9fe,2026-08-08T23:30:04Z
2026-08-07,2026-08-10,TSLA,0.68,328.5799866,0.01138876442,normal,88.45963465,2.906606556,3,1,7b86d17a76912aa0b9a35c1dda953786f0be5d045f4f2ba91edebeaa4605f9fe,2026-08-08T23:30:04Z
2026-08-07,2026-08-10,TSLA,0.85,328.5799866,0.01138876442,normal,138.8858756,4.563511915,3,1,7b86d17a76912aa0b9a35c1dda953786f0be5d045f4f2ba91edebeaa4605f9fe,2026-08-08T23:30:04Z
2026-08-07,2026-08-10,TSLA,0.95,328.5799866,0.01138876442,normal,241.8569924,7.946936732,3,1,7b86d17a76912aa0b9a35c1dda953786f0be5d045f4f2ba91edebeaa4605f9fe,2026-08-08T23:30:04Z
2026-08-07,2026-08-10,TSLA,0.99,328.5799866,0.01138876442,normal,380.150612,12.4909883,3,1,7b86d17a76912aa0b9a35c1dda953786f0be5d045f4f2ba91edebeaa4605f9fe,2026-08-08T23:30:04Z
