ts_et,open,high,low,close,volume
2026-04-21 09:30,710.280029296875,710.4400024414062,709.5,709.5499877929688,1961108.0
2026-04-21 09:31,709.5599975585938,709.5700073242188,709.0499877929688,709.280029296875,158179.0
2026-04-21 09:32,709.2899780273438,709.5399780273438,709.219970703125,709.3900146484375,172445.0
2026-04-21 09:33,709.3400268554688,709.6199951171875,709.2000122070312,709.3300170898438,87142.0
2026-04-21 09:34,709.3200073242188,709.47998046875,709.1599731445312,709.4000244140625,89359.0
2026-04-21 09:35,709.4099731445312,709.4349975585938,708.760009765625,709.0549926757812,231601.0
2026-04-21 09:36,709.0700073242188,709.2899780273438,709.0499877929688,709.094970703125,122321.0
2026-04-21 09:37,709.0800170898438,709.2297973632812,708.9199829101562,708.97998046875,124049.0
2026-04-21 09:38,708.97998046875,709.1699829101562,708.9000244140625,708.9401245117188,56259.0
2026-04-21 09:39,708.9600219726562,709.125,708.75,709.0399169921875,91469.0
2026-04-21 09:40,709.0399780273438,709.4600219726562,708.97998046875,709.4450073242188,105838.0
2026-04-21 09:41,709.4299926757812,709.5150146484375,709.094970703125,709.27001953125,90015.0
2026-04-21 09:42,709.2999267578125,709.469970703125,709.2100219726562,709.39501953125,45432.0
2026-04-21 09:43,709.3800048828125,709.6300048828125,709.3499755859375,709.5050048828125,67542.0
2026-04-21 09:44,709.47998046875,709.7100219726562,709.3300170898438,709.6900024414062,107947.0
2026-04-21 09:45,709.6799926757812,709.8699951171875,709.3900146484375,709.530029296875,118151.0
2026-04-21 09:46,709.5399780273438,709.9400024414062,709.4099731445312,709.9000244140625,82134.0
2026-04-21 09:47,709.9000244140625,710.1599731445312,709.8800048828125,710.0850830078125,111908.0
2026-04-21 09:48,710.1099853515625,710.4299926757812,710.1099853515625,710.4099731445312,127960.0
2026-04-21 09:49,710.4199829101562,710.4199829101562,710.1099853515625,710.22998046875,76136.0
2026-04-21 09:50,710.22998046875,710.3790283203125,710.1799926757812,710.27001953125,116847.0
2026-04-21 09:51,710.280029296875,710.3200073242188,710.0900268554688,710.280029296875,69734.0
2026-04-21 09:52,710.280029296875,710.6500244140625,710.251220703125,710.5599975585938,135785.0
2026-04-21 09:53,710.5650024414062,710.864990234375,710.530029296875,710.8300170898438,78207.0
2026-04-21 09:54,710.830078125,710.8400268554688,710.530029296875,710.6400756835938,89457.0
2026-04-21 09:55,710.6400146484375,710.8397216796875,710.5800170898438,710.7100219726562,82038.0
2026-04-21 09:56,710.719970703125,710.8400268554688,710.6099853515625,710.760009765625,61870.0
2026-04-21 09:57,710.75,710.8099975585938,710.6199951171875,710.64501953125,113875.0
2026-04-21 09:58,710.6500244140625,710.7750244140625,710.5800170898438,710.6799926757812,83911.0
2026-04-21 09:59,710.6799926757812,710.75,710.6300048828125,710.75,59561.0
2026-04-21 10:00,710.75,710.9099731445312,710.4600219726562,710.6900024414062,128999.0
2026-04-21 10:01,710.7000122070312,710.969970703125,710.6749877929688,710.969970703125,80531.0
2026-04-21 10:02,710.9650268554688,710.969970703125,710.7100219726562,710.8800048828125,82226.0
2026-04-21 10:03,710.8699951171875,710.8699951171875,710.6300048828125,710.6550903320312,81971.0
2026-04-21 10:04,710.6599731445312,710.739990234375,710.5800170898438,710.5999755859375,51625.0
2026-04-21 10:05,710.6090087890625,710.8200073242188,710.5599975585938,710.75,68406.0
2026-04-21 10:06,710.75,710.8200073242188,710.6799926757812,710.7100219726562,42666.0
2026-04-21 10:07,710.7100219726562,710.9400024414062,710.6900024414062,710.880126953125,37765.0
2026-04-21 10:08,710.8800048828125,711.1088256835938,710.8699951171875,711.0700073242188,93970.0
2026-04-21 10:09,711.0900268554688,711.1799926757812,711.0050048828125,711.030029296875,122497.0
2026-04-21 10:10,711.030029296875,711.0698852539062,710.705078125,710.9299926757812,80903.0
2026-04-21 10:11,710.9299926757812,711.1699829101562,710.9199829101562,711.1400146484375,102932.0
2026-04-21 10:12,711.1500244140625,711.1500244140625,710.968994140625,711.0800170898438,39673.0
2026-04-21 10:13,711.0900268554688,711.1500244140625,710.9700927734375,711.0900268554688,40772.0
2026-04-21 10:14,711.0900268554688,711.1649780273438,711.010009765625,711.0200805664062,59775.0
2026-04-21 10:15,711.0250244140625,711.260009765625,711.02001953125,711.1199951171875,74128.0
2026-04-21 10:16,711.1099853515625,711.1799926757812,711.0230102539062,711.1400146484375,47102.0
2026-04-21 10:17,711.1599731445312,711.2750244140625,711.0999755859375,711.1699829101562,87079.0
2026-04-21 10:18,711.1599731445312,711.1599731445312,710.9299926757812,711.010009765625,70980.0
2026-04-21 10:19,710.97998046875,711.0700073242188,710.8099975585938,710.8200073242188,46026.0
2026-04-21 10:20,710.8200073242188,710.8499755859375,710.3900146484375,710.5,91978.0
2026-04-21 10:21,710.4600219726562,710.6500244140625,710.4600219726562,710.530029296875,67156.0
2026-04-21 10:22,710.530029296875,710.635009765625,710.47998046875,710.5800170898438,129380.0
2026-04-21 10:23,710.5900268554688,710.6799926757812,710.2100219726562,710.25,72466.0
2026-04-21 10:24,710.239990234375,710.3900146484375,710.1599731445312,710.3200073242188,108593.0
2026-04-21 10:25,710.3099975585938,710.4556274414062,710.27001953125,710.4299926757812,69699.0
2026-04-21 10:26,710.4301147460938,710.5900268554688,710.340087890625,710.5250244140625,52316.0
2026-04-21 10:27,710.510009765625,710.6699829101562,710.3699951171875,710.5,53715.0
2026-04-21 10:28,710.510009765625,710.5900268554688,710.3201293945312,710.4099731445312,51237.0
2026-04-21 10:29,710.4099731445312,710.5999755859375,710.3101196289062,710.5700073242188,50881.0
2026-04-21 10:30,710.5599975585938,710.780029296875,710.4000244140625,710.510009765625,73259.0
2026-04-21 10:31,710.530029296875,710.6099853515625,710.3599853515625,710.39501953125,45075.0
2026-04-21 10:32,710.3900146484375,710.4650268554688,710.22998046875,710.3400268554688,58206.0
2026-04-21 10:33,710.3599853515625,710.4000244140625,710.0900268554688,710.239990234375,80121.0
2026-04-21 10:34,710.25,710.2999877929688,709.969970703125,710.1900024414062,103313.0
2026-04-21 10:35,710.219970703125,710.3099975585938,710.0499877929688,710.2849731445312,99208.0
2026-04-21 10:36,710.2750854492188,710.2899780273438,710.0800170898438,710.1500244140625,27016.0
2026-04-21 10:37,710.1500244140625,710.1599731445312,709.8599853515625,709.97998046875,115772.0
2026-04-21 10:38,709.97998046875,710.1400146484375,709.969970703125,710.1099853515625,71773.0
2026-04-21 10:39,710.1300048828125,710.1400146484375,709.8499755859375,709.9450073242188,53934.0
2026-04-21 10:40,709.9500122070312,710.0599975585938,709.739990234375,709.97998046875,109287.0
2026-04-21 10:41,709.989990234375,710.5599975585938,709.8300170898438,710.030029296875,203324.0
2026-04-21 10:42,710.030029296875,710.2100219726562,709.8599853515625,710.0800170898438,74629.0
2026-04-21 10:43,710.0700073242188,710.219970703125,709.9500122070312,710.0499877929688,52320.0
2026-04-21 10:44,710.0700073242188,710.119873046875,709.8699951171875,709.885009765625,47315.0
2026-04-21 10:45,709.8900146484375,709.9400024414062,709.5599975585938,709.6099853515625,109486.0
2026-04-21 10:46,709.60498046875,709.6527099609375,709.1599731445312,709.4550170898438,145705.0
2026-04-21 10:47,709.4400024414062,709.4500122070312,709.031005859375,709.1898803710938,127939.0
2026-04-21 10:48,709.1900024414062,709.2899780273438,708.9500122070312,709.22998046875,128357.0
2026-04-21 10:49,709.22998046875,709.39990234375,709.1400146484375,709.1599731445312,123855.0
2026-04-21 10:50,709.1799926757812,709.2999877929688,708.97998046875,709.0,105349.0
2026-04-21 10:51,708.989990234375,709.1400146484375,708.6500244140625,708.9400024414062,149825.0
2026-04-21 10:52,708.9500122070312,709.060302734375,708.780029296875,708.969970703125,132905.0
2026-04-21 10:53,708.97998046875,709.219970703125,708.97998046875,709.2050170898438,62694.0
2026-04-21 10:54,709.2050170898438,709.2399291992188,709.0,709.0349731445312,63212.0
2026-04-21 10:55,709.0449829101562,709.0449829101562,708.719970703125,708.8400268554688,95607.0
2026-04-21 10:56,708.8599853515625,708.9249877929688,708.6925048828125,708.7849731445312,64387.0
2026-04-21 10:57,708.7899780273438,708.8099975585938,708.2999877929688,708.3800048828125,143083.0
2026-04-21 10:58,708.3699951171875,708.405029296875,707.9000244140625,707.989990234375,138547.0
2026-04-21 10:59,708.010009765625,708.0999755859375,707.4600219726562,707.5900268554688,264017.0
2026-04-21 11:00,707.5900268554688,707.8883056640625,706.9600219726562,707.239990234375,256820.0
2026-04-21 11:01,707.25,707.4000244140625,706.6500244140625,706.8900146484375,246365.0
2026-04-21 11:02,706.8900146484375,707.1900024414062,706.6400146484375,706.6699829101562,178715.0
2026-04-21 11:03,706.6699829101562,706.7301025390625,706.25,706.3699951171875,261406.0
2026-04-21 11:04,706.3699951171875,707.030029296875,706.2999877929688,706.7349853515625,262262.0
2026-04-21 11:05,706.739990234375,706.8200073242188,706.1500244140625,706.3599853515625,358262.0
2026-04-21 11:06,706.3400268554688,706.6799926757812,706.3099975585938,706.6199951171875,147276.0
2026-04-21 11:07,706.6300048828125,707.4299926757812,706.5599975585938,707.3200073242188,322565.0
2026-04-21 11:08,707.3499755859375,707.6699829101562,707.1799926757812,707.4600219726562,164140.0
2026-04-21 11:09,707.469970703125,707.8400268554688,707.4000244140625,707.760009765625,165732.0
2026-04-21 11:10,707.756591796875,708.0800170898438,707.72998046875,708.0349731445312,172976.0
2026-04-21 11:11,708.0200805664062,708.0599975585938,707.7999877929688,707.8200073242188,141921.0
2026-04-21 11:12,707.8300170898438,708.010009765625,707.739990234375,707.8400268554688,51523.0
2026-04-21 11:13,707.8099975585938,707.9299926757812,707.75,707.8400268554688,66949.0
2026-04-21 11:14,707.8400268554688,708.0800170898438,707.8250122070312,707.9099731445312,75300.0
2026-04-21 11:15,707.9000244140625,708.2000122070312,707.8699951171875,707.9498901367188,97366.0
2026-04-21 11:16,707.9500122070312,708.0,707.4299926757812,707.5499877929688,108790.0
2026-04-21 11:17,707.5599975585938,707.5800170898438,707.3599853515625,707.5700073242188,94421.0
2026-04-21 11:18,707.5900268554688,707.6699829101562,707.3200073242188,707.5700073242188,67318.0
2026-04-21 11:19,707.5599975585938,707.9550170898438,707.5250244140625,707.8300170898438,105005.0
2026-04-21 11:20,707.8200073242188,707.97998046875,707.719970703125,707.7449951171875,74521.0
2026-04-21 11:21,707.74072265625,707.77001953125,707.52001953125,707.760009765625,45021.0
2026-04-21 11:22,707.77001953125,707.7999877929688,707.4400024414062,707.5900268554688,57252.0
2026-04-21 11:23,707.580078125,707.690185546875,707.1737060546875,707.2999877929688,92140.0
2026-04-21 11:24,707.2899780273438,707.3853759765625,707.1300048828125,707.2308959960938,88691.0
2026-04-21 11:25,707.2100219726562,707.2100219726562,706.9000244140625,707.0050048828125,125642.0
2026-04-21 11:26,707.0,707.0,706.530029296875,706.6699829101562,86487.0
2026-04-21 11:27,706.6849975585938,706.6900024414062,706.2750244140625,706.6300048828125,159273.0
2026-04-21 11:28,706.6300048828125,706.8800048828125,706.510009765625,706.5999145507812,99348.0
2026-04-21 11:29,706.5999755859375,706.77001953125,706.4400024414062,706.6900024414062,99268.0
2026-04-21 11:30,706.6599731445312,706.9099731445312,706.6099853515625,706.8699951171875,71270.0
2026-04-21 11:31,706.87060546875,707.0999755859375,706.8099975585938,706.969970703125,120560.0
2026-04-21 11:32,706.989990234375,707.3499755859375,706.9000244140625,707.2899780273438,127351.0
2026-04-21 11:33,707.3098754882812,707.4199829101562,707.010009765625,707.0599975585938,60858.0
2026-04-21 11:34,707.0999755859375,707.0999755859375,706.8599853515625,706.8900146484375,41189.0
2026-04-21 11:35,706.9099731445312,706.9600219726562,706.47998046875,706.5499877929688,110862.0
2026-04-21 11:36,706.5700073242188,706.5900268554688,706.0399780273438,706.2100219726562,0.0
2026-04-21 11:37,706.219970703125,706.6300048828125,706.1599731445312,706.5999755859375,0.0
2026-04-21 11:38,706.5999755859375,706.6599731445312,706.22998046875,706.47998046875,83272.0
2026-04-21 11:39,706.47998046875,706.75,706.47998046875,706.72998046875,98602.0
2026-04-21 11:40,706.719970703125,706.8099975585938,706.52001953125,706.6099853515625,62882.0
2026-04-21 11:41,706.5700073242188,706.6400146484375,706.4199829101562,706.469970703125,57019.0
2026-04-21 11:42,706.4600219726562,706.8499755859375,706.4199829101562,706.8250122070312,47969.0
2026-04-21 11:43,706.8350219726562,707.0800170898438,706.8300170898438,706.9099731445312,85798.0
2026-04-21 11:44,706.9099731445312,707.1199951171875,706.9000244140625,706.9400024414062,62427.0
2026-04-21 11:45,707.010009765625,707.010009765625,706.77001953125,706.9199829101562,49492.0
2026-04-21 11:46,706.8900146484375,706.9199829101562,706.6799926757812,706.8200073242188,45547.0
2026-04-21 11:47,706.8200073242188,707.280029296875,706.8099975585938,707.1900024414062,86220.0
2026-04-21 11:48,707.1900024414062,707.3900146484375,707.1400146484375,707.2899780273438,55926.0
2026-04-21 11:49,707.2899780273438,707.47998046875,707.0399780273438,707.0599975585938,66764.0
2026-04-21 11:50,707.0399780273438,707.0700073242188,706.6300048828125,706.7899780273438,87099.0
2026-04-21 11:51,706.8099975585938,706.8400268554688,706.580078125,706.719970703125,43775.0
2026-04-21 11:52,706.6500244140625,706.6900024414062,706.5599975585938,706.6199951171875,53987.0
2026-04-21 11:53,706.6199951171875,706.7650146484375,706.5499877929688,706.56640625,45719.0
2026-04-21 11:54,706.5900268554688,706.6099853515625,706.4500122070312,706.52001953125,62927.0
2026-04-21 11:55,706.52001953125,706.6900024414062,706.4500732421875,706.6649780273438,41062.0
2026-04-21 11:56,706.6599731445312,706.8900146484375,706.530029296875,706.8701171875,80849.0
2026-04-21 11:57,706.8701171875,706.969970703125,706.8499755859375,706.8499755859375,48255.0
2026-04-21 11:58,706.8300170898438,706.8699951171875,706.6599731445312,706.7100219726562,26615.0
2026-04-21 11:59,706.6900024414062,706.7498779296875,706.52001953125,706.719970703125,34667.0
2026-04-21 12:00,706.7449951171875,707.4099731445312,706.7449951171875,707.3400268554688,152940.0
2026-04-21 12:01,707.3400268554688,707.739990234375,707.27001953125,707.3300170898438,455045.0
2026-04-21 12:02,707.3200073242188,707.6300048828125,707.3099975585938,707.510009765625,43307.0
2026-04-21 12:03,707.4998779296875,707.885009765625,707.0700073242188,707.1799926757812,136721.0
2026-04-21 12:04,707.22998046875,707.280029296875,707.0599975585938,707.219970703125,35327.0
2026-04-21 12:05,707.1600952148438,707.2299194335938,706.989990234375,707.010009765625,78388.0
2026-04-21 12:06,707.0,707.239990234375,706.9749755859375,707.219970703125,32469.0
2026-04-21 12:07,707.239990234375,707.239990234375,706.9849853515625,707.0900268554688,23459.0
2026-04-21 12:08,707.0800170898438,707.3300170898438,707.0399780273438,707.1599731445312,47455.0
2026-04-21 12:09,707.14501953125,707.52001953125,707.1400146484375,707.340087890625,84339.0
2026-04-21 12:10,707.3400268554688,707.3699951171875,707.0399780273438,707.22998046875,90867.0
2026-04-21 12:11,707.22998046875,707.239990234375,706.7899780273438,706.8599853515625,43796.0
2026-04-21 12:12,706.8800048828125,706.9730224609375,706.75,706.85498046875,45332.0
2026-04-21 12:13,706.8599853515625,706.8800048828125,706.739990234375,706.7899780273438,34673.0
2026-04-21 12:14,706.7899780273438,706.9000244140625,706.6300048828125,706.9000244140625,74122.0
2026-04-21 12:15,706.8701171875,707.0599975585938,706.8699951171875,706.8900146484375,42816.0
2026-04-21 12:16,706.9099731445312,706.9199829101562,706.7249755859375,706.8699951171875,37718.0
2026-04-21 12:17,706.8599853515625,707.0700073242188,706.8400268554688,707.0150146484375,30444.0
2026-04-21 12:18,707.0,707.1900024414062,706.97998046875,707.1099853515625,40070.0
2026-04-21 12:19,707.114990234375,707.1500244140625,706.9099731445312,707.0,26245.0
2026-04-21 12:20,707.0,707.010009765625,706.4600219726562,706.6199951171875,208896.0
2026-04-21 12:21,706.6099243164062,706.6599731445312,706.5499877929688,706.5900268554688,56405.0
2026-04-21 12:22,706.5999755859375,706.9000244140625,706.5999755859375,706.7849731445312,66130.0
2026-04-21 12:23,706.75,706.75,706.4600219726562,706.489990234375,35864.0
2026-04-21 12:24,706.489990234375,706.6599731445312,706.4299926757812,706.5399780273438,25097.0
2026-04-21 12:25,706.5599975585938,706.5700073242188,706.3599853515625,706.4500122070312,28298.0
2026-04-21 12:26,706.4199829101562,706.6099853515625,706.3599853515625,706.5750122070312,23119.0
2026-04-21 12:27,706.5800170898438,706.6300048828125,706.47998046875,706.5206909179688,26015.0
2026-04-21 12:28,706.5,706.5,706.280029296875,706.3300170898438,37154.0
2026-04-21 12:29,706.3200073242188,706.4349975585938,706.2899780273438,706.3599853515625,30002.0
2026-04-21 12:30,706.3314208984375,706.7650146484375,706.3314208984375,706.6599731445312,56922.0
2026-04-21 12:31,706.6699829101562,706.8400268554688,706.6699829101562,706.8200073242188,29333.0
2026-04-21 12:32,706.7999877929688,706.8699951171875,706.72998046875,706.8200073242188,75019.0
2026-04-21 12:33,706.8200073242188,706.8900146484375,706.77001953125,706.869873046875,39987.0
2026-04-21 12:34,706.8699951171875,706.9500122070312,706.7899780273438,706.9199829101562,31767.0
2026-04-21 12:35,706.9199829101562,707.1400146484375,706.9199829101562,707.0285034179688,48726.0
2026-04-21 12:36,707.0388793945312,707.0388793945312,706.7000122070312,706.7650146484375,64336.0
2026-04-21 12:37,706.760009765625,706.760009765625,706.3800048828125,706.4776000976562,54385.0
2026-04-21 12:38,706.47998046875,706.47998046875,706.2919921875,706.3300170898438,25443.0
2026-04-21 12:39,706.3300170898438,706.5700073242188,706.3300170898438,706.5250244140625,37022.0
2026-04-21 12:40,706.5299072265625,706.6300048828125,706.4530029296875,706.4603881835938,23396.0
2026-04-21 12:41,706.4400024414062,706.4500122070312,706.2999877929688,706.2999877929688,43071.0
2026-04-21 12:42,706.3001098632812,706.3599853515625,706.2000122070312,706.3099975585938,44937.0
2026-04-21 12:43,706.3150024414062,706.3150024414062,705.9099731445312,705.97998046875,80451.0
2026-04-21 12:44,705.9650268554688,705.9650268554688,705.6599731445312,705.8499755859375,123352.0
2026-04-21 12:45,705.8499755859375,706.219970703125,705.8499755859375,706.1749877929688,62890.0
2026-04-21 12:46,706.1699829101562,706.5,706.090087890625,706.3900146484375,81304.0
2026-04-21 12:47,706.3499755859375,706.4000244140625,706.280029296875,706.385009765625,44634.0
2026-04-21 12:48,706.3889770507812,706.5599975585938,706.3206787109375,706.5599975585938,58630.0
2026-04-21 12:49,706.5700073242188,706.6199951171875,706.4600830078125,706.5599975585938,35029.0
2026-04-21 12:50,706.5512084960938,706.5999755859375,706.4299926757812,706.4400024414062,164503.0
2026-04-21 12:51,706.4500122070312,706.530029296875,706.1699829101562,706.239990234375,102524.0
2026-04-21 12:52,706.2249755859375,706.3300170898438,706.1500244140625,706.239990234375,36254.0
2026-04-21 12:53,706.219970703125,706.280029296875,706.1799926757812,706.2449951171875,19223.0
2026-04-21 12:54,706.2449951171875,706.2449951171875,706.02001953125,706.1099853515625,53580.0
2026-04-21 12:55,706.0999755859375,706.1298828125,705.9299926757812,705.943603515625,65845.0
2026-04-21 12:56,705.9299926757812,705.9299926757812,705.719970703125,705.8099975585938,39707.0
2026-04-21 12:57,705.8300170898438,705.9400024414062,705.75,705.7899780273438,33857.0
2026-04-21 12:58,705.8099975585938,705.8599853515625,705.6950073242188,705.719970703125,42971.0
2026-04-21 12:59,705.7098999023438,705.7098999023438,705.510009765625,705.5800170898438,98614.0
2026-04-21 13:00,705.5800170898438,705.9099731445312,705.5800170898438,705.8599853515625,42983.0
2026-04-21 13:01,705.8499755859375,706.1599731445312,705.8300170898438,706.1199951171875,54431.0
2026-04-21 13:02,706.1199951171875,706.260009765625,706.0800170898438,706.22998046875,99478.0
2026-04-21 13:03,706.219970703125,706.3087768554688,706.0750122070312,706.0999755859375,78472.0
2026-04-21 13:04,706.0969848632812,706.1199951171875,705.9600219726562,705.96728515625,59507.0
2026-04-21 13:05,705.9600219726562,705.9600219726562,705.030029296875,705.4550170898438,384873.0
2026-04-21 13:06,705.4299926757812,705.5599975585938,704.75,705.0,361219.0
2026-04-21 13:07,705.0050048828125,705.239990234375,705.0,705.1950073242188,188029.0
2026-04-21 13:08,705.1799926757812,705.3900146484375,704.9600219726562,705.260009765625,83422.0
2026-04-21 13:09,705.260009765625,705.6900024414062,704.9099731445312,705.4600219726562,453415.0
2026-04-21 13:10,705.4600219726562,705.47998046875,704.6300048828125,705.121826171875,282673.0
2026-04-21 13:11,705.0999755859375,705.1199951171875,704.780029296875,704.9600219726562,112878.0
2026-04-21 13:12,704.9600219726562,705.0900268554688,704.3200073242188,704.739990234375,339321.0
2026-04-21 13:13,704.7100219726562,704.72998046875,704.510009765625,704.6500854492188,149775.0
2026-04-21 13:14,704.6799926757812,704.8400268554688,704.5701293945312,704.7100219726562,97895.0
2026-04-21 13:15,704.7100219726562,704.8350219726562,704.52001953125,704.6900024414062,119274.0
2026-04-21 13:16,704.739990234375,704.9600219726562,704.72998046875,704.7999877929688,117617.0
2026-04-21 13:17,704.8200073242188,704.8200073242188,704.530029296875,704.5499877929688,90624.0
2026-04-21 13:18,704.5599975585938,704.5599975585938,704.1500244140625,704.25,209516.0
2026-04-21 13:19,704.260009765625,704.260009765625,703.9299926757812,704.0399780273438,143728.0
2026-04-21 13:20,704.0399780273438,704.2199096679688,703.8400268554688,704.1400146484375,285191.0
2026-04-21 13:21,704.1400146484375,704.4600219726562,704.0499877929688,704.4099731445312,110583.0
2026-04-21 13:22,704.4199829101562,704.52001953125,704.1199951171875,704.239990234375,125091.0
2026-04-21 13:23,704.2100219726562,704.3900146484375,704.1699829101562,704.385009765625,74704.0
2026-04-21 13:24,704.3800048828125,704.6300048828125,704.3400268554688,704.4500122070312,125385.0
2026-04-21 13:25,704.4600219726562,704.969970703125,704.4299926757812,704.8201293945312,201069.0
2026-04-21 13:26,704.8400268554688,704.9000244140625,704.7113037109375,704.739990234375,55152.0
2026-04-21 13:27,704.72998046875,704.7899780273438,704.5401000976562,704.544189453125,51527.0
2026-04-21 13:28,704.5399780273438,704.5499877929688,704.409912109375,704.5200805664062,60486.0
2026-04-21 13:29,704.530029296875,704.6900024414062,704.469970703125,704.6900024414062,55152.0
2026-04-21 13:30,704.6799926757812,704.9899291992188,704.6400146484375,704.9500122070312,63422.0
2026-04-21 13:31,704.9400024414062,704.989990234375,704.77001953125,704.8499755859375,175203.0
2026-04-21 13:32,704.8499755859375,705.114990234375,704.8400268554688,705.0999755859375,148695.0
2026-04-21 13:33,705.1199951171875,705.3400268554688,705.1199951171875,705.2849731445312,58190.0
2026-04-21 13:34,705.2949829101562,705.4149780273438,705.1500244140625,705.25,157456.0
2026-04-21 13:35,705.25,705.25,705.0,705.0993041992188,103769.0
2026-04-21 13:36,705.0999755859375,705.2493286132812,705.02001953125,705.2000122070312,33460.0
2026-04-21 13:37,705.2000122070312,705.3099975585938,705.2000122070312,705.2698974609375,38817.0
2026-04-21 13:38,705.260009765625,706.4199829101562,705.2349853515625,706.1500244140625,324504.0
2026-04-21 13:39,706.1199951171875,706.8200073242188,705.9000244140625,706.3250122070312,336171.0
2026-04-21 13:40,706.3192138671875,706.7999877929688,706.1900024414062,706.3599853515625,187569.0
2026-04-21 13:41,706.3599853515625,706.6699829101562,706.3200073242188,706.5999755859375,238526.0
2026-04-21 13:42,706.6400146484375,706.8599853515625,706.4500122070312,706.739990234375,278225.0
2026-04-21 13:43,706.719970703125,707.4099731445312,706.4500122070312,706.6900024414062,302922.0
2026-04-21 13:44,706.6799926757812,706.72802734375,706.4299926757812,706.5,197397.0
2026-04-21 13:45,706.510009765625,706.5499877929688,706.1699829101562,706.260009765625,111663.0
2026-04-21 13:46,706.2650146484375,706.27001953125,705.9199829101562,706.1204833984375,295502.0
2026-04-21 13:47,706.1199951171875,706.1199951171875,705.8200073242188,705.9450073242188,86971.0
2026-04-21 13:48,705.9400024414062,706.3099975585938,705.8800048828125,706.0850219726562,78733.0
2026-04-21 13:49,706.0999755859375,706.25,706.0675048828125,706.1799926757812,46638.0
2026-04-21 13:50,706.2000122070312,706.3200073242188,706.0700073242188,706.0700073242188,44027.0
2026-04-21 13:51,706.0800170898438,706.280029296875,706.0499877929688,706.2449951171875,60459.0
2026-04-21 13:52,706.27001953125,706.4500122070312,706.25,706.3262329101562,59481.0
2026-04-21 13:53,706.3200073242188,706.3499755859375,705.9000854492188,705.9749755859375,72096.0
2026-04-21 13:54,705.989990234375,705.9963989257812,705.6199951171875,705.8099975585938,100934.0
2026-04-21 13:55,705.8099975585938,705.8099975585938,705.3099975585938,705.5399780273438,114858.0
2026-04-21 13:56,705.5599975585938,705.6199951171875,705.3400268554688,705.5399780273438,72052.0
2026-04-21 13:57,705.5399780273438,705.719970703125,705.5,705.7100219726562,60645.0
2026-04-21 13:58,705.719970703125,705.7291259765625,705.5601196289062,705.7100219726562,64070.0
2026-04-21 13:59,705.7100219726562,705.8499755859375,705.5700073242188,705.7949829101562,76528.0
2026-04-21 14:00,705.7949829101562,706.02001953125,705.7949829101562,705.989990234375,382714.0
2026-04-21 14:01,705.989990234375,706.2899780273438,705.989990234375,706.25,67010.0
2026-04-21 14:02,706.260009765625,706.510009765625,706.0999755859375,706.3900146484375,129625.0
2026-04-21 14:03,706.4000244140625,706.4400024414062,706.1500244140625,706.1900024414062,45050.0
2026-04-21 14:04,706.1921997070312,706.2899780273438,705.9650268554688,705.969970703125,42489.0
2026-04-21 14:05,705.989990234375,706.3699951171875,705.7999267578125,706.0800170898438,85496.0
2026-04-21 14:06,706.0599975585938,706.1099853515625,705.97998046875,706.030029296875,46513.0
2026-04-21 14:07,706.0499877929688,706.1599731445312,705.89501953125,706.02001953125,56942.0
2026-04-21 14:08,706.0449829101562,706.0449829101562,705.8599853515625,705.8800048828125,37751.0
2026-04-21 14:09,705.875,706.0499877929688,705.7899780273438,705.8400268554688,34068.0
2026-04-21 14:10,705.8200073242188,705.8499755859375,705.469970703125,705.5999755859375,74182.0
2026-04-21 14:11,705.594970703125,705.7399291992188,705.469970703125,705.7249755859375,29624.0
2026-04-21 14:12,705.739990234375,705.9199829101562,705.719970703125,705.739990234375,45355.0
2026-04-21 14:13,705.7424926757812,705.780029296875,705.6699829101562,705.77001953125,22931.0
2026-04-21 14:14,705.780029296875,705.9199829101562,705.7299194335938,705.9199829101562,15271.0
2026-04-21 14:15,705.9199829101562,706.0999755859375,705.8900146484375,706.0599975585938,22184.0
2026-04-21 14:16,706.0599975585938,706.1799926757812,704.7100219726562,705.6799926757812,745672.0
2026-04-21 14:17,705.6900024414062,705.7249755859375,705.2100219726562,705.5900268554688,239426.0
2026-04-21 14:18,705.5900268554688,705.6287841796875,705.0650024414062,705.280029296875,99294.0
2026-04-21 14:19,705.27001953125,705.3099975585938,704.9500122070312,705.1193237304688,58691.0
2026-04-21 14:20,705.1099853515625,705.2000122070312,704.989990234375,705.1749877929688,36260.0
2026-04-21 14:21,705.1892700195312,705.3099975585938,705.0750122070312,705.169921875,45128.0
2026-04-21 14:22,705.1799926757812,705.1799926757812,704.8200073242188,705.0700073242188,121001.0
2026-04-21 14:23,705.0700073242188,705.2150268554688,705.0499877929688,705.1699829101562,40502.0
2026-04-21 14:24,705.1699829101562,705.1900024414062,704.969970703125,705.0399780273438,159992.0
2026-04-21 14:25,705.0,705.280029296875,704.9099731445312,705.2349853515625,44517.0
2026-04-21 14:26,705.239990234375,705.260009765625,705.0499877929688,705.0900268554688,55462.0
2026-04-21 14:27,705.114990234375,705.2100219726562,705.0,705.0,25803.0
2026-04-21 14:28,704.989990234375,705.0599975585938,704.9180297851562,704.969970703125,50308.0
2026-04-21 14:29,704.9503173828125,705.1199951171875,704.8800048828125,705.0989990234375,32804.0
2026-04-21 14:30,705.094970703125,705.4000244140625,705.094970703125,705.14990234375,57115.0
2026-04-21 14:31,705.1500244140625,705.3099975585938,705.1400146484375,705.280029296875,29513.0
2026-04-21 14:32,705.3300170898438,705.5599975585938,705.3250122070312,705.5,35289.0
2026-04-21 14:33,705.510009765625,705.7100219726562,705.5,705.6900024414062,114173.0
2026-04-21 14:34,705.6900024414062,705.77001953125,705.5999755859375,705.7100219726562,72222.0
2026-04-21 14:35,705.719970703125,705.77001953125,705.6500244140625,705.6799926757812,75120.0
2026-04-21 14:36,705.6749877929688,705.7562255859375,705.5999755859375,705.5999755859375,175895.0
2026-04-21 14:37,705.5999755859375,705.5999755859375,705.25,705.3099975585938,150634.0
2026-04-21 14:38,705.2999877929688,705.4650268554688,705.260009765625,705.4500122070312,19770.0
2026-04-21 14:39,705.4400024414062,705.4500122070312,705.3499755859375,705.4199829101562,24512.0
2026-04-21 14:40,705.4299926757812,705.4400024414062,705.3200073242188,705.3599853515625,27979.0
2026-04-21 14:41,705.3800048828125,705.530029296875,705.3400268554688,705.4099731445312,19642.0
2026-04-21 14:42,705.3900146484375,705.4099731445312,705.3099975585938,705.3897705078125,27906.0
2026-04-21 14:43,705.3800048828125,705.4299926757812,705.2899780273438,705.385009765625,95089.0
2026-04-21 14:44,705.3699951171875,705.5800170898438,705.3699951171875,705.4400024414062,46978.0
2026-04-21 14:45,705.4299926757812,705.489990234375,705.27001953125,705.405029296875,56734.0
2026-04-21 14:46,705.405029296875,705.530029296875,705.3699951171875,705.4500122070312,20048.0
2026-04-21 14:47,705.4400024414062,705.47998046875,705.3049926757812,705.3499755859375,25955.0
2026-04-21 14:48,705.3400268554688,705.4199829101562,705.2301025390625,705.25,52909.0
2026-04-21 14:49,705.25,705.3200073242188,705.1099853515625,705.1699829101562,59337.0
2026-04-21 14:50,705.1900024414062,705.2100219726562,705.0399780273438,705.0601806640625,42753.0
2026-04-21 14:51,705.0499877929688,705.27001953125,705.0203247070312,705.219970703125,77864.0
2026-04-21 14:52,705.2100219726562,705.27001953125,705.1600952148438,705.2000122070312,34353.0
2026-04-21 14:53,705.2000122070312,705.260009765625,705.1500244140625,705.219970703125,34915.0
2026-04-21 14:54,705.2100219726562,706.7100219726562,705.1699829101562,706.3699951171875,305705.0
2026-04-21 14:55,706.3599853515625,706.8900146484375,705.8499755859375,706.010009765625,429253.0
2026-04-21 14:56,705.989990234375,706.0499877929688,705.7100219726562,705.8400268554688,237191.0
2026-04-21 14:57,705.8699951171875,706.510009765625,705.7550048828125,706.2100219726562,214222.0
2026-04-21 14:58,706.2000122070312,706.239990234375,705.969970703125,706.0250244140625,54639.0
2026-04-21 14:59,706.0599975585938,706.4299926757812,706.02001953125,706.3200073242188,99957.0
2026-04-21 15:00,706.3300170898438,706.72998046875,706.3300170898438,706.489990234375,117790.0
2026-04-21 15:01,706.47998046875,706.9000244140625,706.3599853515625,706.5499877929688,95124.0
2026-04-21 15:02,706.5499877929688,706.77001953125,706.530029296875,706.6400146484375,149819.0
2026-04-21 15:03,706.6300048828125,706.8699951171875,706.4500122070312,706.530029296875,84494.0
2026-04-21 15:04,706.5399780273438,706.719970703125,706.4500122070312,706.6599731445312,36431.0
2026-04-21 15:05,706.6699829101562,706.8499755859375,706.6654052734375,706.7799072265625,62518.0
2026-04-21 15:06,706.75,706.7999877929688,706.6199951171875,706.6400146484375,76139.0
2026-04-21 15:07,706.6500244140625,706.6699829101562,706.4320068359375,706.6699829101562,93406.0
2026-04-21 15:08,706.64501953125,706.7999267578125,706.64501953125,706.72998046875,60925.0
2026-04-21 15:09,706.719970703125,706.8099975585938,706.6699829101562,706.6900024414062,43208.0
2026-04-21 15:10,706.6900024414062,706.8599853515625,706.6300048828125,706.7899780273438,51546.0
2026-04-21 15:11,706.7899780273438,706.9199829101562,706.739990234375,706.8599853515625,45739.0
2026-04-21 15:12,706.8599853515625,707.1500244140625,706.8599853515625,707.0900268554688,148447.0
2026-04-21 15:13,707.0900268554688,707.219970703125,707.0800170898438,707.1500244140625,220313.0
2026-04-21 15:14,707.1400146484375,707.3099975585938,706.1900024414062,706.614990234375,426201.0
2026-04-21 15:15,706.6699829101562,706.9600219726562,706.25,706.6400146484375,360836.0
2026-04-21 15:16,706.6799926757812,706.9600219726562,706.6500244140625,706.7999877929688,108278.0
2026-04-21 15:17,706.7899780273438,706.8300170898438,706.3800048828125,706.6798706054688,174020.0
2026-04-21 15:18,706.6400146484375,706.72998046875,706.5599975585938,706.6900024414062,137679.0
2026-04-21 15:19,706.6900024414062,706.6900024414062,706.5700073242188,706.6400146484375,55222.0
2026-04-21 15:20,706.6699829101562,706.9400024414062,706.6699829101562,706.9099731445312,89911.0
2026-04-21 15:21,706.9099731445312,707.5,706.856201171875,707.0599975585938,250239.0
2026-04-21 15:22,707.0599975585938,707.1599731445312,706.989990234375,707.0499877929688,91415.0
2026-04-21 15:23,707.0499877929688,707.4400024414062,707.030029296875,707.4299926757812,62572.0
2026-04-21 15:24,707.4400024414062,707.594970703125,707.4299926757812,707.52001953125,76622.0
2026-04-21 15:25,707.510009765625,707.7739868164062,707.469970703125,707.7650146484375,112349.0
2026-04-21 15:26,707.7579956054688,707.780029296875,707.3699951171875,707.5499877929688,139855.0
2026-04-21 15:27,707.5399780273438,707.6300048828125,707.4500122070312,707.5,57251.0
2026-04-21 15:28,707.489990234375,707.739990234375,707.4849853515625,707.6500244140625,218719.0
2026-04-21 15:29,707.6300048828125,707.77001953125,707.510009765625,707.7249755859375,103469.0
2026-04-21 15:30,707.719970703125,707.7999877929688,707.5999755859375,707.719970703125,109152.0
2026-04-21 15:31,707.739990234375,707.8699951171875,707.7000122070312,707.8201293945312,96264.0
2026-04-21 15:32,707.8499755859375,707.8699951171875,707.6500244140625,707.7000122070312,121992.0
2026-04-21 15:33,707.7100219726562,707.719970703125,707.3099975585938,707.37158203125,143095.0
2026-04-21 15:34,707.3400268554688,707.3499755859375,707.0999755859375,707.3298950195312,119683.0
2026-04-21 15:35,707.3099975585938,707.3099975585938,706.5999755859375,706.6099853515625,285178.0
2026-04-21 15:36,706.6199951171875,706.9199829101562,706.5700073242188,706.7000122070312,171600.0
2026-04-21 15:37,706.7100219726562,706.7100219726562,706.4000244140625,706.5800170898438,151320.0
2026-04-21 15:38,706.619873046875,706.6199951171875,705.719970703125,706.0549926757812,419540.0
2026-04-21 15:39,706.0499877929688,706.27001953125,705.9299926757812,706.27001953125,214652.0
2026-04-21 15:40,706.260009765625,706.3200073242188,705.77001953125,706.0399780273438,141046.0
2026-04-21 15:41,706.0750122070312,706.239990234375,705.0,705.0800170898438,490344.0
2026-04-21 15:42,705.0999755859375,705.159912109375,703.7000122070312,703.8599853515625,865649.0
2026-04-21 15:43,703.8900146484375,703.969970703125,703.010009765625,703.27001953125,681753.0
2026-04-21 15:44,703.260009765625,703.260009765625,702.6400146484375,703.1799926757812,611342.0
2026-04-21 15:45,703.2000122070312,703.7899169921875,703.1099853515625,703.4299926757812,443381.0
2026-04-21 15:46,703.4400024414062,703.719970703125,703.27001953125,703.719970703125,401991.0
2026-04-21 15:47,703.6900024414062,704.4600219726562,703.6900024414062,704.2100219726562,368159.0
2026-04-21 15:48,704.219970703125,704.3800048828125,703.7899780273438,703.9099731445312,262579.0
2026-04-21 15:49,703.9000244140625,704.1099853515625,703.5900268554688,703.9998779296875,261599.0
2026-04-21 15:50,704.0,704.9500122070312,704.0,704.05908203125,474892.0
2026-04-21 15:51,704.030029296875,704.0900268554688,703.6500244140625,703.8400268554688,412843.0
2026-04-21 15:52,703.8400268554688,703.8499755859375,703.35498046875,703.5599975585938,510773.0
2026-04-21 15:53,703.5700073242188,703.8599853515625,703.4500122070312,703.760009765625,390110.0
2026-04-21 15:54,703.760009765625,704.0599975585938,703.6300048828125,703.7011108398438,294808.0
2026-04-21 15:55,703.7000122070312,704.2899780273438,703.4199829101562,704.1199951171875,805121.0
2026-04-21 15:56,704.1400146484375,704.2098999023438,703.9299926757812,704.0499877929688,471692.0
2026-04-21 15:57,704.0399780273438,704.0900268554688,703.6599731445312,703.9749755859375,574893.0
2026-04-21 15:58,703.9500122070312,704.1400146484375,703.8300170898438,704.0599975585938,490679.0
2026-04-21 15:59,704.0499877929688,704.4099731445312,703.8300170898438,704.1400146484375,1336967.0
